datetime,humidity,temperature,pm_2_5_lag_1,pm_2_5_lag_3,pm_2_5_lag_6,pm_2_5_lag_24,hour,dayofweek,sin_1,cos_1,sin_2,cos_2,sin_3,cos_3,sin_4,cos_4
2025-02-11 00:00:00,41.37264171416667,34.77612173791667,9.852459016,9.852459016,9.852459016,9.852459016,0,1,0.0,1.0,0.0,1.0,0.0,1.0,0.0,1.0
2025-02-11 01:00:00,41.37264171416667,34.77612173791667,9.997434072494507,9.852459016,9.852459016,9.852459016,1,1,0.037391194276325625,0.9993007047883985,0.07473009358642425,0.9972037971811801,0.11196447610330786,0.9937122098932426,0.14904226617617444,0.9888308262251285
2025-02-11 02:00:00,41.37264171416667,34.77612173791667,9.25507255077362,9.852459016,9.852459016,9.852459016,2,1,0.07473009358642425,0.9972037971811801,0.14904226617617444,0.9888308262251285,0.2225209339563144,0.9749279121818236,0.2947551744109042,0.9555728057861407
2025-02-11 03:00:00,41.37264171416667,34.77612173791667,8.965721006393432,9.997434072494507,9.852459016,9.852459016,3,1,0.11196447610330786,0.9937122098932426,0.2225209339563144,0.9749279121818236,0.3302790619551671,0.9438833303083676,0.4338837391175581,0.9009688679024191
2025-02-11 04:00:00,41.37264171416667,34.77612173791667,9.013109707832337,9.25507255077362,9.852459016,9.852459016,4,1,0.14904226617617444,0.9888308262251285,0.2947551744109042,0.9555728057861407,0.4338837391175581,0.9009688679024191,0.5633200580636221,0.8262387743159949
2025-02-11 05:00:00,41.37264171416667,34.77612173791667,8.682685689926148,8.965721006393432,9.852459016,9.852459016,5,1,0.18591160716291458,0.9825664732332883,0.365341024366395,0.9308737486442042,0.5320320765153366,0.8467241992282842,0.6801727377709194,0.7330518718298263
2025-02-11 06:00:00,41.37264171416667,34.77612173791667,8.538592581748963,9.013109707832337,9.997434072494507,9.852459016,6,1,0.2225209339563144,0.9749279121818236,0.4338837391175581,0.9009688679024191,0.6234898018587335,0.7818314824680298,0.7818314824680298,0.6234898018587336
2025-02-11 07:00:00,41.37264171416667,34.77612173791667,8.544243612289428,8.682685689926148,9.25507255077362,9.852459016,7,1,0.25881904510252074,0.9659258262890683,0.49999999999999994,0.8660254037844387,0.7071067811865476,0.7071067811865476,0.8660254037844386,0.5000000000000001
2025-02-11 08:00:00,41.37264171416667,34.77612173791667,8.034193272590636,8.538592581748963,8.965721006393432,9.852459016,8,1,0.2947551744109042,0.9555728057861407,0.5633200580636221,0.8262387743159949,0.7818314824680298,0.6234898018587336,0.9308737486442042,0.365341024366395
2025-02-11 09:00:00,41.37264171416667,34.77612173791667,7.3934614992141725,8.544243612289428,9.013109707832337,9.852459016,9,1,0.3302790619551671,0.9438833303083676,0.6234898018587335,0.7818314824680298,0.8467241992282841,0.5320320765153366,0.9749279121818236,0.22252093395631445
2025-02-11 10:00:00,41.37264171416667,34.77612173791667,7.158312400579453,8.034193272590636,8.682685689926148,9.852459016,10,1,0.365341024366395,0.9308737486442042,0.6801727377709194,0.7330518718298263,0.9009688679024191,0.4338837391175582,0.9972037971811801,0.07473009358642439
2025-02-11 11:00:00,41.37264171416667,34.77612173791667,7.449768590927124,7.3934614992141725,8.538592581748963,9.852459016,11,1,0.3998920243197409,0.9165622558699762,0.7330518718298262,0.6801727377709195,0.9438833303083676,0.33027906195516715,0.9972037971811801,-0.07473009358642405
2025-02-11 12:00:00,41.37264171416667,34.77612173791667,8.043137214183808,7.158312400579453,8.544243612289428,9.852459016,12,1,0.4338837391175581,0.9009688679024191,0.7818314824680298,0.6234898018587336,0.9749279121818236,0.22252093395631445,0.9749279121818236,-0.22252093395631434
2025-02-11 13:00:00,41.37264171416667,34.77612173791667,7.368605585098266,7.449768590927124,8.034193272590636,9.852459016,13,1,0.467268628273062,0.8841153935046098,0.8262387743159949,0.563320058063622,0.9937122098932426,0.11196447610330791,0.9308737486442042,-0.3653410243663951
2025-02-11 14:00:00,41.37264171416667,34.77612173791667,7.964307594299316,8.043137214183808,7.3934614992141725,9.852459016,14,1,0.49999999999999994,0.8660254037844387,0.8660254037844386,0.5000000000000001,1.0,6.123233995736766e-17,0.8660254037844387,-0.4999999999999998
2025-02-11 15:00:00,41.37264171416667,34.77612173791667,7.573432831764221,7.368605585098266,7.158312400579453,9.852459016,15,1,0.5320320765153366,0.8467241992282842,0.9009688679024191,0.4338837391175582,0.9937122098932426,-0.1119644761033078,0.7818314824680299,-0.6234898018587335
2025-02-11 16:00:00,41.37264171416667,34.77612173791667,7.958103036880493,7.964307594299316,7.449768590927124,9.852459016,16,1,0.5633200580636221,0.8262387743159949,0.9308737486442042,0.365341024366395,0.9749279121818236,-0.22252093395631434,0.6801727377709194,-0.7330518718298263
2025-02-11 17:00:00,41.37264171416667,34.77612173791667,7.573986506462097,7.573432831764221,8.043137214183808,9.852459016,17,1,0.5938201855735017,0.8045977797666682,0.9555728057861408,0.2947551744109041,0.9438833303083676,-0.330279061955167,0.5633200580636218,-0.826238774315995
2025-02-11 18:00:00,41.37264171416667,34.77612173791667,8.015509262084962,7.958103036880493,7.368605585098266,9.852459016,18,1,0.6234898018587335,0.7818314824680298,0.9749279121818236,0.22252093395631445,0.9009688679024191,-0.43388373911755806,0.43388373911755823,-0.900968867902419
2025-02-11 19:00:00,41.37264171416667,34.77612173791667,7.37095929145813,7.573986506462097,7.964307594299316,9.852459016,19,1,0.6522874112781211,0.757971723145453,0.9888308262251285,0.14904226617617464,0.8467241992282842,-0.5320320765153365,0.2947551744109046,-0.9555728057861406
2025-02-11 20:00:00,41.37264171416667,34.77612173791667,7.828056788444519,8.015509262084962,7.573432831764221,9.852459016,20,1,0.6801727377709194,0.7330518718298263,0.9972037971811801,0.07473009358642439,0.7818314824680299,-0.6234898018587335,0.14904226617617472,-0.9888308262251285
2025-02-11 21:00:00,41.37264171416667,34.77612173791667,8.085128140449523,7.37095929145813,7.958103036880493,9.852459016,21,1,0.7071067811865476,0.7071067811865476,1.0,6.123233995736766e-17,0.7071067811865476,-0.7071067811865475,1.2246467991473532e-16,-1.0
2025-02-11 22:00:00,41.37264171416667,34.77612173791667,7.323995714187622,7.828056788444519,7.573986506462097,9.852459016,22,1,0.7330518718298262,0.6801727377709195,0.9972037971811801,-0.07473009358642405,0.6234898018587336,-0.7818314824680297,-0.14904226617617403,-0.9888308262251286
2025-02-11 23:00:00,41.37264171416667,34.77612173791667,7.252153105735779,8.085128140449523,8.015509262084962,9.852459016,23,1,0.7579717231454529,0.6522874112781212,0.9888308262251285,-0.1490422661761743,0.5320320765153367,-0.8467241992282841,-0.29475517441090393,-0.9555728057861408
2025-02-12 00:00:00,41.37264171416667,34.77612173791667,7.370386619567871,7.323995714187622,7.37095929145813,9.997434072494507,0,2,0.0,1.0,0.0,1.0,0.0,1.0,0.0,1.0
2025-02-12 01:00:00,41.37264171416667,34.77612173791667,7.84567964553833,7.252153105735779,7.828056788444519,9.25507255077362,1,2,0.037391194276325625,0.9993007047883985,0.07473009358642425,0.9972037971811801,0.11196447610330786,0.9937122098932426,0.14904226617617444,0.9888308262251285
2025-02-12 02:00:00,41.37264171416667,34.77612173791667,8.15991473197937,7.370386619567871,8.085128140449523,8.965721006393432,2,2,0.07473009358642425,0.9972037971811801,0.14904226617617444,0.9888308262251285,0.2225209339563144,0.9749279121818236,0.2947551744109042,0.9555728057861407
2025-02-12 03:00:00,41.37264171416667,34.77612173791667,7.674598269462585,7.84567964553833,7.323995714187622,9.013109707832337,3,2,0.11196447610330786,0.9937122098932426,0.2225209339563144,0.9749279121818236,0.3302790619551671,0.9438833303083676,0.4338837391175581,0.9009688679024191
2025-02-12 04:00:00,41.37264171416667,34.77612173791667,8.11605423927307,8.15991473197937,7.252153105735779,8.682685689926148,4,2,0.14904226617617444,0.9888308262251285,0.2947551744109042,0.9555728057861407,0.4338837391175581,0.9009688679024191,0.5633200580636221,0.8262387743159949
2025-02-12 05:00:00,41.37264171416667,34.77612173791667,8.00201376438141,7.674598269462585,7.370386619567871,8.538592581748963,5,2,0.18591160716291458,0.9825664732332883,0.365341024366395,0.9308737486442042,0.5320320765153366,0.8467241992282842,0.6801727377709194,0.7330518718298263
2025-02-12 06:00:00,41.37264171416667,34.77612173791667,7.229609642028809,8.11605423927307,7.84567964553833,8.544243612289428,6,2,0.2225209339563144,0.9749279121818236,0.4338837391175581,0.9009688679024191,0.6234898018587335,0.7818314824680298,0.7818314824680298,0.6234898018587336
2025-02-12 07:00:00,41.37264171416667,34.77612173791667,7.993543701171875,8.00201376438141,8.15991473197937,8.034193272590636,7,2,0.25881904510252074,0.9659258262890683,0.49999999999999994,0.8660254037844387,0.7071067811865476,0.7071067811865476,0.8660254037844386,0.5000000000000001
2025-02-12 08:00:00,41.37264171416667,34.77612173791667,6.77170608997345,7.229609642028809,7.674598269462585,7.3934614992141725,8,2,0.2947551744109042,0.9555728057861407,0.5633200580636221,0.8262387743159949,0.7818314824680298,0.6234898018587336,0.9308737486442042,0.365341024366395
2025-02-12 09:00:00,41.37264171416667,34.77612173791667,6.937759032249451,7.993543701171875,8.11605423927307,7.158312400579453,9,2,0.3302790619551671,0.9438833303083676,0.6234898018587335,0.7818314824680298,0.8467241992282841,0.5320320765153366,0.9749279121818236,0.22252093395631445
2025-02-12 10:00:00,41.37264171416667,34.77612173791667,7.62118408203125,6.77170608997345,8.00201376438141,7.449768590927124,10,2,0.365341024366395,0.9308737486442042,0.6801727377709194,0.7330518718298263,0.9009688679024191,0.4338837391175582,0.9972037971811801,0.07473009358642439
2025-02-12 11:00:00,41.37264171416667,34.77612173791667,7.375180492401123,6.937759032249451,7.229609642028809,8.043137214183808,11,2,0.3998920243197409,0.9165622558699762,0.7330518718298262,0.6801727377709195,0.9438833303083676,0.33027906195516715,0.9972037971811801,-0.07473009358642405
2025-02-12 12:00:00,41.37264171416667,34.77612173791667,7.1735020446777344,7.62118408203125,7.993543701171875,7.368605585098266,12,2,0.4338837391175581,0.9009688679024191,0.7818314824680298,0.6234898018587336,0.9749279121818236,0.22252093395631445,0.9749279121818236,-0.22252093395631434
2025-02-12 13:00:00,41.37264171416667,34.77612173791667,7.013509259223938,7.375180492401123,6.77170608997345,7.964307594299316,13,2,0.467268628273062,0.8841153935046098,0.8262387743159949,0.563320058063622,0.9937122098932426,0.11196447610330791,0.9308737486442042,-0.3653410243663951
2025-02-12 14:00:00,41.37264171416667,34.77612173791667,7.286338717937469,7.1735020446777344,6.937759032249451,7.573432831764221,14,2,0.49999999999999994,0.8660254037844387,0.8660254037844386,0.5000000000000001,1.0,6.123233995736766e-17,0.8660254037844387,-0.4999999999999998
2025-02-12 15:00:00,41.37264171416667,34.77612173791667,6.208844497203827,7.013509259223938,7.62118408203125,7.958103036880493,15,2,0.5320320765153366,0.8467241992282842,0.9009688679024191,0.4338837391175582,0.9937122098932426,-0.1119644761033078,0.7818314824680299,-0.6234898018587335
2025-02-12 16:00:00,41.37264171416667,34.77612173791667,6.693670315742493,7.286338717937469,7.375180492401123,7.573986506462097,16,2,0.5633200580636221,0.8262387743159949,0.9308737486442042,0.365341024366395,0.9749279121818236,-0.22252093395631434,0.6801727377709194,-0.7330518718298263
2025-02-12 17:00:00,41.37264171416667,34.77612173791667,7.106222896575928,6.208844497203827,7.1735020446777344,8.015509262084962,17,2,0.5938201855735017,0.8045977797666682,0.9555728057861408,0.2947551744109041,0.9438833303083676,-0.330279061955167,0.5633200580636218,-0.826238774315995
2025-02-12 18:00:00,41.37264171416667,34.77612173791667,7.646410348415375,6.693670315742493,7.013509259223938,7.37095929145813,18,2,0.6234898018587335,0.7818314824680298,0.9749279121818236,0.22252093395631445,0.9009688679024191,-0.43388373911755806,0.43388373911755823,-0.900968867902419
2025-02-12 19:00:00,41.37264171416667,34.77612173791667,7.231979832649231,7.106222896575928,7.286338717937469,7.828056788444519,19,2,0.6522874112781211,0.757971723145453,0.9888308262251285,0.14904226617617464,0.8467241992282842,-0.5320320765153365,0.2947551744109046,-0.9555728057861406
2025-02-12 20:00:00,41.37264171416667,34.77612173791667,6.1927660989761355,7.646410348415375,6.208844497203827,8.085128140449523,20,2,0.6801727377709194,0.7330518718298263,0.9972037971811801,0.07473009358642439,0.7818314824680299,-0.6234898018587335,0.14904226617617472,-0.9888308262251285
2025-02-12 21:00:00,41.37264171416667,34.77612173791667,6.1513106155395505,7.231979832649231,6.693670315742493,7.323995714187622,21,2,0.7071067811865476,0.7071067811865476,1.0,6.123233995736766e-17,0.7071067811865476,-0.7071067811865475,1.2246467991473532e-16,-1.0
2025-02-12 22:00:00,41.37264171416667,34.77612173791667,6.951592509746551,6.1927660989761355,7.106222896575928,7.252153105735779,22,2,0.7330518718298262,0.6801727377709195,0.9972037971811801,-0.07473009358642405,0.6234898018587336,-0.7818314824680297,-0.14904226617617403,-0.9888308262251286
2025-02-12 23:00:00,41.37264171416667,34.77612173791667,7.301214933395386,6.1513106155395505,7.646410348415375,7.370386619567871,23,2,0.7579717231454529,0.6522874112781212,0.9888308262251285,-0.1490422661761743,0.5320320765153367,-0.8467241992282841,-0.29475517441090393,-0.9555728057861408
2025-02-13 00:00:00,41.37264171416667,34.77612173791667,6.858770399093628,6.951592509746551,7.231979832649231,7.84567964553833,0,3,0.0,1.0,0.0,1.0,0.0,1.0,0.0,1.0
2025-02-13 01:00:00,41.37264171416667,34.77612173791667,7.477604579925537,7.301214933395386,6.1927660989761355,8.15991473197937,1,3,0.037391194276325625,0.9993007047883985,0.07473009358642425,0.9972037971811801,0.11196447610330786,0.9937122098932426,0.14904226617617444,0.9888308262251285
2025-02-13 02:00:00,41.37264171416667,34.77612173791667,7.642309358119965,6.858770399093628,6.1513106155395505,7.674598269462585,2,3,0.07473009358642425,0.9972037971811801,0.14904226617617444,0.9888308262251285,0.2225209339563144,0.9749279121818236,0.2947551744109042,0.9555728057861407
2025-02-13 03:00:00,41.37264171416667,34.77612173791667,7.427068765163422,7.477604579925537,6.951592509746551,8.11605423927307,3,3,0.11196447610330786,0.9937122098932426,0.2225209339563144,0.9749279121818236,0.3302790619551671,0.9438833303083676,0.4338837391175581,0.9009688679024191
2025-02-13 04:00:00,41.37264171416667,34.77612173791667,7.300239198207855,7.642309358119965,7.301214933395386,8.00201376438141,4,3,0.14904226617617444,0.9888308262251285,0.2947551744109042,0.9555728057861407,0.4338837391175581,0.9009688679024191,0.5633200580636221,0.8262387743159949
2025-02-13 05:00:00,41.37264171416667,34.77612173791667,6.698536179065704,7.427068765163422,6.858770399093628,7.229609642028809,5,3,0.18591160716291458,0.9825664732332883,0.365341024366395,0.9308737486442042,0.5320320765153366,0.8467241992282842,0.6801727377709194,0.7330518718298263
2025-02-13 06:00:00,41.37264171416667,34.77612173791667,7.063460764884948,7.300239198207855,7.477604579925537,7.993543701171875,6,3,0.2225209339563144,0.9749279121818236,0.4338837391175581,0.9009688679024191,0.6234898018587335,0.7818314824680298,0.7818314824680298,0.6234898018587336
2025-02-13 07:00:00,41.37264171416667,34.77612173791667,7.853339464664459,6.698536179065704,7.642309358119965,6.77170608997345,7,3,0.25881904510252074,0.9659258262890683,0.49999999999999994,0.8660254037844387,0.7071067811865476,0.7071067811865476,0.8660254037844386,0.5000000000000001
2025-02-13 08:00:00,41.37264171416667,34.77612173791667,8.266787147521972,7.063460764884948,7.427068765163422,6.937759032249451,8,3,0.2947551744109042,0.9555728057861407,0.5633200580636221,0.8262387743159949,0.7818314824680298,0.6234898018587336,0.9308737486442042,0.365341024366395
2025-02-13 09:00:00,41.37264171416667,34.77612173791667,8.021946005821228,7.853339464664459,7.300239198207855,7.62118408203125,9,3,0.3302790619551671,0.9438833303083676,0.6234898018587335,0.7818314824680298,0.8467241992282841,0.5320320765153366,0.9749279121818236,0.22252093395631445
2025-02-13 10:00:00,41.37264171416667,34.77612173791667,7.266131024360657,8.266787147521972,6.698536179065704,7.375180492401123,10,3,0.365341024366395,0.9308737486442042,0.6801727377709194,0.7330518718298263,0.9009688679024191,0.4338837391175582,0.9972037971811801,0.07473009358642439
2025-02-13 11:00:00,41.37264171416667,34.77612173791667,6.267881059646607,8.021946005821228,7.063460764884948,7.1735020446777344,11,3,0.3998920243197409,0.9165622558699762,0.7330518718298262,0.6801727377709195,0.9438833303083676,0.33027906195516715,0.9972037971811801,-0.07473009358642405
2025-02-13 12:00:00,41.37264171416667,34.77612173791667,6.1036260080337525,7.266131024360657,7.853339464664459,7.013509259223938,12,3,0.4338837391175581,0.9009688679024191,0.7818314824680298,0.6234898018587336,0.9749279121818236,0.22252093395631445,0.9749279121818236,-0.22252093395631434
2025-02-13 13:00:00,41.37264171416667,34.77612173791667,6.92529849767685,6.267881059646607,8.266787147521972,7.286338717937469,13,3,0.467268628273062,0.8841153935046098,0.8262387743159949,0.563320058063622,0.9937122098932426,0.11196447610330791,0.9308737486442042,-0.3653410243663951
2025-02-13 14:00:00,41.37264171416667,34.77612173791667,7.522087807655335,6.1036260080337525,8.021946005821228,6.208844497203827,14,3,0.49999999999999994,0.8660254037844387,0.8660254037844386,0.5000000000000001,1.0,6.123233995736766e-17,0.8660254037844387,-0.4999999999999998
2025-02-13 15:00:00,41.37264171416667,34.77612173791667,7.3822018432617185,6.92529849767685,7.266131024360657,6.693670315742493,15,3,0.5320320765153366,0.8467241992282842,0.9009688679024191,0.4338837391175582,0.9937122098932426,-0.1119644761033078,0.7818314824680299,-0.6234898018587335
2025-02-13 16:00:00,41.37264171416667,34.77612173791667,6.9446245741844175,7.522087807655335,6.267881059646607,7.106222896575928,16,3,0.5633200580636221,0.8262387743159949,0.9308737486442042,0.365341024366395,0.9749279121818236,-0.22252093395631434,0.6801727377709194,-0.7330518718298263
2025-02-13 17:00:00,41.37264171416667,34.77612173791667,7.537584176063538,7.3822018432617185,6.1036260080337525,7.646410348415375,17,3,0.5938201855735017,0.8045977797666682,0.9555728057861408,0.2947551744109041,0.9438833303083676,-0.330279061955167,0.5633200580636218,-0.826238774315995
2025-02-13 18:00:00,41.37264171416667,34.77612173791667,7.493218803405762,6.9446245741844175,6.92529849767685,7.231979832649231,18,3,0.6234898018587335,0.7818314824680298,0.9749279121818236,0.22252093395631445,0.9009688679024191,-0.43388373911755806,0.43388373911755823,-0.900968867902419
2025-02-13 19:00:00,41.37264171416667,34.77612173791667,7.558393783569336,7.537584176063538,7.522087807655335,6.1927660989761355,19,3,0.6522874112781211,0.757971723145453,0.9888308262251285,0.14904226617617464,0.8467241992282842,-0.5320320765153365,0.2947551744109046,-0.9555728057861406
2025-02-13 20:00:00,41.37264171416667,34.77612173791667,7.1619079351425174,7.493218803405762,7.3822018432617185,6.1513106155395505,20,3,0.6801727377709194,0.7330518718298263,0.9972037971811801,0.07473009358642439,0.7818314824680299,-0.6234898018587335,0.14904226617617472,-0.9888308262251285
2025-02-13 21:00:00,41.37264171416667,34.77612173791667,7.287797060012817,7.558393783569336,6.9446245741844175,6.951592509746551,21,3,0.7071067811865476,0.7071067811865476,1.0,6.123233995736766e-17,0.7071067811865476,-0.7071067811865475,1.2246467991473532e-16,-1.0
2025-02-13 22:00:00,41.37264171416667,34.77612173791667,6.622726149559021,7.1619079351425174,7.537584176063538,7.301214933395386,22,3,0.7330518718298262,0.6801727377709195,0.9972037971811801,-0.07473009358642405,0.6234898018587336,-0.7818314824680297,-0.14904226617617403,-0.9888308262251286
2025-02-13 23:00:00,41.37264171416667,34.77612173791667,6.918890759944916,7.287797060012817,7.493218803405762,6.858770399093628,23,3,0.7579717231454529,0.6522874112781212,0.9888308262251285,-0.1490422661761743,0.5320320765153367,-0.8467241992282841,-0.29475517441090393,-0.9555728057861408
2025-02-14 00:00:00,41.37264171416667,34.77612173791667,7.8663646340370175,6.622726149559021,7.558393783569336,7.477604579925537,0,4,0.0,1.0,0.0,1.0,0.0,1.0,0.0,1.0
2025-02-14 01:00:00,41.37264171416667,34.77612173791667,7.784340999126434,6.918890759944916,7.1619079351425174,7.642309358119965,1,4,0.037391194276325625,0.9993007047883985,0.07473009358642425,0.9972037971811801,0.11196447610330786,0.9937122098932426,0.14904226617617444,0.9888308262251285
2025-02-14 02:00:00,41.37264171416667,34.77612173791667,7.405496907234192,7.8663646340370175,7.287797060012817,7.427068765163422,2,4,0.07473009358642425,0.9972037971811801,0.14904226617617444,0.9888308262251285,0.2225209339563144,0.9749279121818236,0.2947551744109042,0.9555728057861407
2025-02-14 03:00:00,41.37264171416667,34.77612173791667,7.041948187351227,7.784340999126434,6.622726149559021,7.300239198207855,3,4,0.11196447610330786,0.9937122098932426,0.2225209339563144,0.9749279121818236,0.3302790619551671,0.9438833303083676,0.4338837391175581,0.9009688679024191
2025-02-14 04:00:00,41.37264171416667,34.77612173791667,7.05298909664154,7.405496907234192,6.918890759944916,6.698536179065704,4,4,0.14904226617617444,0.9888308262251285,0.2947551744109042,0.9555728057861407,0.4338837391175581,0.9009688679024191,0.5633200580636221,0.8262387743159949
2025-02-14 05:00:00,41.37264171416667,34.77612173791667,7.261466960906983,7.041948187351227,7.8663646340370175,7.063460764884948,5,4,0.18591160716291458,0.9825664732332883,0.365341024366395,0.9308737486442042,0.5320320765153366,0.8467241992282842,0.6801727377709194,0.7330518718298263
2025-02-14 06:00:00,41.37264171416667,34.77612173791667,6.399903583526611,7.05298909664154,7.784340999126434,7.853339464664459,6,4,0.2225209339563144,0.9749279121818236,0.4338837391175581,0.9009688679024191,0.6234898018587335,0.7818314824680298,0.7818314824680298,0.6234898018587336
2025-02-14 07:00:00,41.37264171416667,34.77612173791667,6.293475832939148,7.261466960906983,7.405496907234192,8.266787147521972,7,4,0.25881904510252074,0.9659258262890683,0.49999999999999994,0.8660254037844387,0.7071067811865476,0.7071067811865476,0.8660254037844386,0.5000000000000001
2025-02-14 08:00:00,41.37264171416667,34.77612173791667,5.85417207479477,6.399903583526611,7.041948187351227,8.021946005821228,8,4,0.2947551744109042,0.9555728057861407,0.5633200580636221,0.8262387743159949,0.7818314824680298,0.6234898018587336,0.9308737486442042,0.365341024366395
2025-02-14 09:00:00,41.37264171416667,34.77612173791667,7.1836265325546265,6.293475832939148,7.05298909664154,7.266131024360657,9,4,0.3302790619551671,0.9438833303083676,0.6234898018587335,0.7818314824680298,0.8467241992282841,0.5320320765153366,0.9749279121818236,0.22252093395631445
2025-02-14 10:00:00,41.37264171416667,34.77612173791667,6.874349479675293,5.85417207479477,7.261466960906983,6.267881059646607,10,4,0.365341024366395,0.9308737486442042,0.6801727377709194,0.7330518718298263,0.9009688679024191,0.4338837391175582,0.9972037971811801,0.07473009358642439
2025-02-14 11:00:00,41.37264171416667,34.77612173791667,8.490440983772277,7.1836265325546265,6.399903583526611,6.1036260080337525,11,4,0.3998920243197409,0.9165622558699762,0.7330518718298262,0.6801727377709195,0.9438833303083676,0.33027906195516715,0.9972037971811801,-0.07473009358642405
2025-02-14 12:00:00,41.37264171416667,34.77612173791667,7.904747705459595,6.874349479675293,6.293475832939148,6.92529849767685,12,4,0.4338837391175581,0.9009688679024191,0.7818314824680298,0.6234898018587336,0.9749279121818236,0.22252093395631445,0.9749279121818236,-0.22252093395631434
2025-02-14 13:00:00,41.37264171416667,34.77612173791667,7.821844239234924,8.490440983772277,5.85417207479477,7.522087807655335,13,4,0.467268628273062,0.8841153935046098,0.8262387743159949,0.563320058063622,0.9937122098932426,0.11196447610330791,0.9308737486442042,-0.3653410243663951
2025-02-14 14:00:00,41.37264171416667,34.77612173791667,7.780431332588196,7.904747705459595,7.1836265325546265,7.3822018432617185,14,4,0.49999999999999994,0.8660254037844387,0.8660254037844386,0.5000000000000001,1.0,6.123233995736766e-17,0.8660254037844387,-0.4999999999999998
2025-02-14 15:00:00,41.37264171416667,34.77612173791667,7.140434341430664,7.821844239234924,6.874349479675293,6.9446245741844175,15,4,0.5320320765153366,0.8467241992282842,0.9009688679024191,0.4338837391175582,0.9937122098932426,-0.1119644761033078,0.7818314824680299,-0.6234898018587335
2025-02-14 16:00:00,41.37264171416667,34.77612173791667,6.5953082180023195,7.780431332588196,8.490440983772277,7.537584176063538,16,4,0.5633200580636221,0.8262387743159949,0.9308737486442042,0.365341024366395,0.9749279121818236,-0.22252093395631434,0.6801727377709194,-0.7330518718298263
2025-02-14 17:00:00,41.37264171416667,34.77612173791667,6.984333891868591,7.140434341430664,7.904747705459595,7.493218803405762,17,4,0.5938201855735017,0.8045977797666682,0.9555728057861408,0.2947551744109041,0.9438833303083676,-0.330279061955167,0.5633200580636218,-0.826238774315995
2025-02-14 18:00:00,41.37264171416667,34.77612173791667,7.306319689750671,6.5953082180023195,7.821844239234924,7.558393783569336,18,4,0.6234898018587335,0.7818314824680298,0.9749279121818236,0.22252093395631445,0.9009688679024191,-0.43388373911755806,0.43388373911755823,-0.900968867902419
2025-02-14 19:00:00,41.37264171416667,34.77612173791667,6.518094491958618,6.984333891868591,7.780431332588196,7.1619079351425174,19,4,0.6522874112781211,0.757971723145453,0.9888308262251285,0.14904226617617464,0.8467241992282842,-0.5320320765153365,0.2947551744109046,-0.9555728057861406
2025-02-14 20:00:00,41.37264171416667,34.77612173791667,7.072078824043274,7.306319689750671,7.140434341430664,7.287797060012817,20,4,0.6801727377709194,0.7330518718298263,0.9972037971811801,0.07473009358642439,0.7818314824680299,-0.6234898018587335,0.14904226617617472,-0.9888308262251285
2025-02-14 21:00:00,41.37264171416667,34.77612173791667,6.990407319068908,6.518094491958618,6.5953082180023195,6.622726149559021,21,4,0.7071067811865476,0.7071067811865476,1.0,6.123233995736766e-17,0.7071067811865476,-0.7071067811865475,1.2246467991473532e-16,-1.0
2025-02-14 22:00:00,41.37264171416667,34.77612173791667,7.808476939201355,7.072078824043274,6.984333891868591,6.918890759944916,22,4,0.7330518718298262,0.6801727377709195,0.9972037971811801,-0.07473009358642405,0.6234898018587336,-0.7818314824680297,-0.14904226617617403,-0.9888308262251286
2025-02-14 23:00:00,41.37264171416667,34.77612173791667,7.9181570720672605,6.990407319068908,7.306319689750671,7.8663646340370175,23,4,0.7579717231454529,0.6522874112781212,0.9888308262251285,-0.1490422661761743,0.5320320765153367,-0.8467241992282841,-0.29475517441090393,-0.9555728057861408
2025-02-15 00:00:00,41.37264171416667,34.77612173791667,6.744267299175262,7.808476939201355,6.518094491958618,7.784340999126434,0,5,0.0,1.0,0.0,1.0,0.0,1.0,0.0,1.0
2025-02-15 01:00:00,41.37264171416667,34.77612173791667,7.197269971370697,7.9181570720672605,7.072078824043274,7.405496907234192,1,5,0.037391194276325625,0.9993007047883985,0.07473009358642425,0.9972037971811801,0.11196447610330786,0.9937122098932426,0.14904226617617444,0.9888308262251285
2025-02-15 02:00:00,41.37264171416667,34.77612173791667,6.611527581214904,6.744267299175262,6.990407319068908,7.041948187351227,2,5,0.07473009358642425,0.9972037971811801,0.14904226617617444,0.9888308262251285,0.2225209339563144,0.9749279121818236,0.2947551744109042,0.9555728057861407
2025-02-15 03:00:00,41.37264171416667,34.77612173791667,6.932306151390076,7.197269971370697,7.808476939201355,7.05298909664154,3,5,0.11196447610330786,0.9937122098932426,0.2225209339563144,0.9749279121818236,0.3302790619551671,0.9438833303083676,0.4338837391175581,0.9009688679024191
2025-02-15 04:00:00,41.37264171416667,34.77612173791667,8.082732968330383,6.611527581214904,7.9181570720672605,7.261466960906983,4,5,0.14904226617617444,0.9888308262251285,0.2947551744109042,0.9555728057861407,0.4338837391175581,0.9009688679024191,0.5633200580636221,0.8262387743159949
2025-02-15 05:00:00,41.37264171416667,34.77612173791667,7.548741223812104,6.932306151390076,6.744267299175262,6.399903583526611,5,5,0.18591160716291458,0.9825664732332883,0.365341024366395,0.9308737486442042,0.5320320765153366,0.8467241992282842,0.6801727377709194,0.7330518718298263
2025-02-15 06:00:00,41.37264171416667,34.77612173791667,7.721858642101288,8.082732968330383,7.197269971370697,6.293475832939148,6,5,0.2225209339563144,0.9749279121818236,0.4338837391175581,0.9009688679024191,0.6234898018587335,0.7818314824680298,0.7818314824680298,0.6234898018587336
2025-02-15 07:00:00,41.37264171416667,34.77612173791667,7.6943941903114315,7.548741223812104,6.611527581214904,5.85417207479477,7,5,0.25881904510252074,0.9659258262890683,0.49999999999999994,0.8660254037844387,0.7071067811865476,0.7071067811865476,0.8660254037844386,0.5000000000000001
2025-02-15 08:00:00,41.37264171416667,34.77612173791667,6.872400615215302,7.721858642101288,6.932306151390076,7.1836265325546265,8,5,0.2947551744109042,0.9555728057861407,0.5633200580636221,0.8262387743159949,0.7818314824680298,0.6234898018587336,0.9308737486442042,0.365341024366395
2025-02-15 09:00:00,41.37264171416667,34.77612173791667,8.037475986480713,7.6943941903114315,8.082732968330383,6.874349479675293,9,5,0.3302790619551671,0.9438833303083676,0.6234898018587335,0.7818314824680298,0.8467241992282841,0.5320320765153366,0.9749279121818236,0.22252093395631445
2025-02-15 10:00:00,41.37264171416667,34.77612173791667,7.5513012409210205,6.872400615215302,7.548741223812104,8.490440983772277,10,5,0.365341024366395,0.9308737486442042,0.6801727377709194,0.7330518718298263,0.9009688679024191,0.4338837391175582,0.9972037971811801,0.07473009358642439
2025-02-15 11:00:00,41.37264171416667,34.77612173791667,8.57201964378357,8.037475986480713,7.721858642101288,7.904747705459595,11,5,0.3998920243197409,0.9165622558699762,0.7330518718298262,0.6801727377709195,0.9438833303083676,0.33027906195516715,0.9972037971811801,-0.07473009358642405
2025-02-15 12:00:00,41.37264171416667,34.77612173791667,8.667407121658325,7.5513012409210205,7.6943941903114315,7.821844239234924,12,5,0.4338837391175581,0.9009688679024191,0.7818314824680298,0.6234898018587336,0.9749279121818236,0.22252093395631445,0.9749279121818236,-0.22252093395631434
2025-02-15 13:00:00,41.37264171416667,34.77612173791667,8.154947819709777,8.57201964378357,6.872400615215302,7.780431332588196,13,5,0.467268628273062,0.8841153935046098,0.8262387743159949,0.563320058063622,0.9937122098932426,0.11196447610330791,0.9308737486442042,-0.3653410243663951
2025-02-15 14:00:00,41.37264171416667,34.77612173791667,7.105101516246796,8.667407121658325,8.037475986480713,7.140434341430664,14,5,0.49999999999999994,0.8660254037844387,0.8660254037844386,0.5000000000000001,1.0,6.123233995736766e-17,0.8660254037844387,-0.4999999999999998
2025-02-15 15:00:00,41.37264171416667,34.77612173791667,6.787552413940429,8.154947819709777,7.5513012409210205,6.5953082180023195,15,5,0.5320320765153366,0.8467241992282842,0.9009688679024191,0.4338837391175582,0.9937122098932426,-0.1119644761033078,0.7818314824680299,-0.6234898018587335
2025-02-15 16:00:00,41.37264171416667,34.77612173791667,7.0816283035278325,7.105101516246796,8.57201964378357,6.984333891868591,16,5,0.5633200580636221,0.8262387743159949,0.9308737486442042,0.365341024366395,0.9749279121818236,-0.22252093395631434,0.6801727377709194,-0.7330518718298263
2025-02-15 17:00:00,41.37264171416667,34.77612173791667,6.783893523216247,6.787552413940429,8.667407121658325,7.306319689750671,17,5,0.5938201855735017,0.8045977797666682,0.9555728057861408,0.2947551744109041,0.9438833303083676,-0.330279061955167,0.5633200580636218,-0.826238774315995
2025-02-15 18:00:00,41.37264171416667,34.77612173791667,6.887296314239502,7.0816283035278325,8.154947819709777,6.518094491958618,18,5,0.6234898018587335,0.7818314824680298,0.9749279121818236,0.22252093395631445,0.9009688679024191,-0.43388373911755806,0.43388373911755823,-0.900968867902419
2025-02-15 19:00:00,41.37264171416667,34.77612173791667,7.628598566055298,6.783893523216247,7.105101516246796,7.072078824043274,19,5,0.6522874112781211,0.757971723145453,0.9888308262251285,0.14904226617617464,0.8467241992282842,-0.5320320765153365,0.2947551744109046,-0.9555728057861406
2025-02-15 20:00:00,41.37264171416667,34.77612173791667,6.912261633872986,6.887296314239502,6.787552413940429,6.990407319068908,20,5,0.6801727377709194,0.7330518718298263,0.9972037971811801,0.07473009358642439,0.7818314824680299,-0.6234898018587335,0.14904226617617472,-0.9888308262251285
2025-02-15 21:00:00,41.37264171416667,34.77612173791667,8.044816637039185,7.628598566055298,7.0816283035278325,7.808476939201355,21,5,0.7071067811865476,0.7071067811865476,1.0,6.123233995736766e-17,0.7071067811865476,-0.7071067811865475,1.2246467991473532e-16,-1.0
2025-02-15 22:00:00,41.37264171416667,34.77612173791667,6.852516222000122,6.912261633872986,6.783893523216247,7.9181570720672605,22,5,0.7330518718298262,0.6801727377709195,0.9972037971811801,-0.07473009358642405,0.6234898018587336,-0.7818314824680297,-0.14904226617617403,-0.9888308262251286
2025-02-15 23:00:00,41.37264171416667,34.77612173791667,7.433088760375977,8.044816637039185,6.887296314239502,6.744267299175262,23,5,0.7579717231454529,0.6522874112781212,0.9888308262251285,-0.1490422661761743,0.5320320765153367,-0.8467241992282841,-0.29475517441090393,-0.9555728057861408
2025-02-16 00:00:00,41.37264171416667,34.77612173791667,7.237610278129577,6.852516222000122,7.628598566055298,7.197269971370697,0,6,0.0,1.0,0.0,1.0,0.0,1.0,0.0,1.0
2025-02-16 01:00:00,41.37264171416667,34.77612173791667,6.474705820083618,7.433088760375977,6.912261633872986,6.611527581214904,1,6,0.037391194276325625,0.9993007047883985,0.07473009358642425,0.9972037971811801,0.11196447610330786,0.9937122098932426,0.14904226617617444,0.9888308262251285
2025-02-16 02:00:00,41.37264171416667,34.77612173791667,6.262092068195343,7.237610278129577,8.044816637039185,6.932306151390076,2,6,0.07473009358642425,0.9972037971811801,0.14904226617617444,0.9888308262251285,0.2225209339563144,0.9749279121818236,0.2947551744109042,0.9555728057861407
2025-02-16 03:00:00,41.37264171416667,34.77612173791667,6.56093410730362,6.474705820083618,6.852516222000122,8.082732968330383,3,6,0.11196447610330786,0.9937122098932426,0.2225209339563144,0.9749279121818236,0.3302790619551671,0.9438833303083676,0.4338837391175581,0.9009688679024191
2025-02-16 04:00:00,41.37264171416667,34.77612173791667,6.828162889480591,6.262092068195343,7.433088760375977,7.548741223812104,4,6,0.14904226617617444,0.9888308262251285,0.2947551744109042,0.9555728057861407,0.4338837391175581,0.9009688679024191,0.5633200580636221,0.8262387743159949
2025-02-16 05:00:00,41.37264171416667,34.77612173791667,7.565881967544556,6.56093410730362,7.237610278129577,7.721858642101288,5,6,0.18591160716291458,0.9825664732332883,0.365341024366395,0.9308737486442042,0.5320320765153366,0.8467241992282842,0.6801727377709194,0.7330518718298263
2025-02-16 06:00:00,41.37264171416667,34.77612173791667,7.922527823448181,6.828162889480591,6.474705820083618,7.6943941903114315,6,6,0.2225209339563144,0.9749279121818236,0.4338837391175581,0.9009688679024191,0.6234898018587335,0.7818314824680298,0.7818314824680298,0.6234898018587336
2025-02-16 07:00:00,41.37264171416667,34.77612173791667,7.536991028785706,7.565881967544556,6.262092068195343,6.872400615215302,7,6,0.25881904510252074,0.9659258262890683,0.49999999999999994,0.8660254037844387,0.7071067811865476,0.7071067811865476,0.8660254037844386,0.5000000000000001
2025-02-16 08:00:00,41.37264171416667,34.77612173791667,7.625946879386902,7.922527823448181,6.56093410730362,8.037475986480713,8,6,0.2947551744109042,0.9555728057861407,0.5633200580636221,0.8262387743159949,0.7818314824680298,0.6234898018587336,0.9308737486442042,0.365341024366395
2025-02-16 09:00:00,41.37264171416667,34.77612173791667,7.32672527551651,7.536991028785706,6.828162889480591,7.5513012409210205,9,6,0.3302790619551671,0.9438833303083676,0.6234898018587335,0.7818314824680298,0.8467241992282841,0.5320320765153366,0.9749279121818236,0.22252093395631445
2025-02-16 10:00:00,41.37264171416667,34.77612173791667,6.527165484428406,7.625946879386902,7.565881967544556,8.57201964378357,10,6,0.365341024366395,0.9308737486442042,0.6801727377709194,0.7330518718298263,0.9009688679024191,0.4338837391175582,0.9972037971811801,0.07473009358642439
2025-02-16 11:00:00,41.37264171416667,34.77612173791667,7.083579499721527,7.32672527551651,7.922527823448181,8.667407121658325,11,6,0.3998920243197409,0.9165622558699762,0.7330518718298262,0.6801727377709195,0.9438833303083676,0.33027906195516715,0.9972037971811801,-0.07473009358642405
2025-02-16 12:00:00,41.37264171416667,34.77612173791667,7.602842578887939,6.527165484428406,7.536991028785706,8.154947819709777,12,6,0.4338837391175581,0.9009688679024191,0.7818314824680298,0.6234898018587336,0.9749279121818236,0.22252093395631445,0.9749279121818236,-0.22252093395631434
2025-02-16 13:00:00,41.37264171416667,34.77612173791667,7.736801960468292,7.083579499721527,7.625946879386902,7.105101516246796,13,6,0.467268628273062,0.8841153935046098,0.8262387743159949,0.563320058063622,0.9937122098932426,0.11196447610330791,0.9308737486442042,-0.3653410243663951
2025-02-16 14:00:00,41.37264171416667,34.77612173791667,7.290419952869415,7.602842578887939,7.32672527551651,6.787552413940429,14,6,0.49999999999999994,0.8660254037844387,0.8660254037844386,0.5000000000000001,1.0,6.123233995736766e-17,0.8660254037844387,-0.4999999999999998
2025-02-16 15:00:00,41.37264171416667,34.77612173791667,7.068462963104248,7.736801960468292,6.527165484428406,7.0816283035278325,15,6,0.5320320765153366,0.8467241992282842,0.9009688679024191,0.4338837391175582,0.9937122098932426,-0.1119644761033078,0.7818314824680299,-0.6234898018587335
2025-02-16 16:00:00,41.37264171416667,34.77612173791667,6.971034669876099,7.290419952869415,7.083579499721527,6.783893523216247,16,6,0.5633200580636221,0.8262387743159949,0.9308737486442042,0.365341024366395,0.9749279121818236,-0.22252093395631434,0.6801727377709194,-0.7330518718298263
2025-02-16 17:00:00,41.37264171416667,34.77612173791667,7.6747561240196225,7.068462963104248,7.602842578887939,6.887296314239502,17,6,0.5938201855735017,0.8045977797666682,0.9555728057861408,0.2947551744109041,0.9438833303083676,-0.330279061955167,0.5633200580636218,-0.826238774315995
2025-02-16 18:00:00,41.37264171416667,34.77612173791667,7.0712224078178405,6.971034669876099,7.736801960468292,7.628598566055298,18,6,0.6234898018587335,0.7818314824680298,0.9749279121818236,0.22252093395631445,0.9009688679024191,-0.43388373911755806,0.43388373911755823,-0.900968867902419
2025-02-16 19:00:00,41.37264171416667,34.77612173791667,7.15065601348877,7.6747561240196225,7.290419952869415,6.912261633872986,19,6,0.6522874112781211,0.757971723145453,0.9888308262251285,0.14904226617617464,0.8467241992282842,-0.5320320765153365,0.2947551744109046,-0.9555728057861406
2025-02-16 20:00:00,41.37264171416667,34.77612173791667,7.099270315170288,7.0712224078178405,7.068462963104248,8.044816637039185,20,6,0.6801727377709194,0.7330518718298263,0.9972037971811801,0.07473009358642439,0.7818314824680299,-0.6234898018587335,0.14904226617617472,-0.9888308262251285
2025-02-16 21:00:00,41.37264171416667,34.77612173791667,7.732465851306915,7.15065601348877,6.971034669876099,6.852516222000122,21,6,0.7071067811865476,0.7071067811865476,1.0,6.123233995736766e-17,0.7071067811865476,-0.7071067811865475,1.2246467991473532e-16,-1.0
2025-02-16 22:00:00,41.37264171416667,34.77612173791667,7.436885776519776,7.099270315170288,7.6747561240196225,7.433088760375977,22,6,0.7330518718298262,0.6801727377709195,0.9972037971811801,-0.07473009358642405,0.6234898018587336,-0.7818314824680297,-0.14904226617617403,-0.9888308262251286
2025-02-16 23:00:00,41.37264171416667,34.77612173791667,7.143400654792786,7.732465851306915,7.0712224078178405,7.237610278129577,23,6,0.7579717231454529,0.6522874112781212,0.9888308262251285,-0.1490422661761743,0.5320320765153367,-0.8467241992282841,-0.29475517441090393,-0.9555728057861408
2025-02-17 00:00:00,41.37264171416667,34.77612173791667,6.749780039787293,7.436885776519776,7.15065601348877,6.474705820083618,0,0,0.0,1.0,0.0,1.0,0.0,1.0,0.0,1.0
2025-02-17 01:00:00,41.37264171416667,34.77612173791667,7.5853268337249755,7.143400654792786,7.099270315170288,6.262092068195343,1,0,0.037391194276325625,0.9993007047883985,0.07473009358642425,0.9972037971811801,0.11196447610330786,0.9937122098932426,0.14904226617617444,0.9888308262251285
2025-02-17 02:00:00,41.37264171416667,34.77612173791667,7.355800259113312,6.749780039787293,7.732465851306915,6.56093410730362,2,0,0.07473009358642425,0.9972037971811801,0.14904226617617444,0.9888308262251285,0.2225209339563144,0.9749279121818236,0.2947551744109042,0.9555728057861407
2025-02-17 03:00:00,41.37264171416667,34.77612173791667,7.245184164047242,7.5853268337249755,7.436885776519776,6.828162889480591,3,0,0.11196447610330786,0.9937122098932426,0.2225209339563144,0.9749279121818236,0.3302790619551671,0.9438833303083676,0.4338837391175581,0.9009688679024191
2025-02-17 04:00:00,41.37264171416667,34.77612173791667,7.004914908409119,7.355800259113312,7.143400654792786,7.565881967544556,4,0,0.14904226617617444,0.9888308262251285,0.2947551744109042,0.9555728057861407,0.4338837391175581,0.9009688679024191,0.5633200580636221,0.8262387743159949
2025-02-17 05:00:00,41.37264171416667,34.77612173791667,7.037437093257904,7.245184164047242,6.749780039787293,7.922527823448181,5,0,0.18591160716291458,0.9825664732332883,0.365341024366395,0.9308737486442042,0.5320320765153366,0.8467241992282842,0.6801727377709194,0.7330518718298263
2025-02-17 06:00:00,41.37264171416667,34.77612173791667,7.888290646076203,7.004914908409119,7.5853268337249755,7.536991028785706,6,0,0.2225209339563144,0.9749279121818236,0.4338837391175581,0.9009688679024191,0.6234898018587335,0.7818314824680298,0.7818314824680298,0.6234898018587336
2025-02-17 07:00:00,41.37264171416667,34.77612173791667,7.7007587003707885,7.037437093257904,7.355800259113312,7.625946879386902,7,0,0.25881904510252074,0.9659258262890683,0.49999999999999994,0.8660254037844387,0.7071067811865476,0.7071067811865476,0.8660254037844386,0.5000000000000001
2025-02-17 08:00:00,41.37264171416667,34.77612173791667,7.382931802272797,7.888290646076203,7.245184164047242,7.32672527551651,8,0,0.2947551744109042,0.9555728057861407,0.5633200580636221,0.8262387743159949,0.7818314824680298,0.6234898018587336,0.9308737486442042,0.365341024366395
2025-02-17 09:00:00,41.37264171416667,34.77612173791667,6.927398393154144,7.7007587003707885,7.004914908409119,6.527165484428406,9,0,0.3302790619551671,0.9438833303083676,0.6234898018587335,0.7818314824680298,0.8467241992282841,0.5320320765153366,0.9749279121818236,0.22252093395631445
2025-02-17 10:00:00,41.37264171416667,34.77612173791667,8.001842560768127,7.382931802272797,7.037437093257904,7.083579499721527,10,0,0.365341024366395,0.9308737486442042,0.6801727377709194,0.7330518718298263,0.9009688679024191,0.4338837391175582,0.9972037971811801,0.07473009358642439
2025-02-17 11:00:00,41.37264171416667,34.77612173791667,7.493952229022979,6.927398393154144,7.888290646076203,7.602842578887939,11,0,0.3998920243197409,0.9165622558699762,0.7330518718298262,0.6801727377709195,0.9438833303083676,0.33027906195516715,0.9972037971811801,-0.07473009358642405
2025-02-17 12:00:00,41.37264171416667,34.77612173791667,7.375582370758057,8.001842560768127,7.7007587003707885,7.736801960468292,12,0,0.4338837391175581,0.9009688679024191,0.7818314824680298,0.6234898018587336,0.9749279121818236,0.22252093395631445,0.9749279121818236,-0.22252093395631434
2025-02-17 13:00:00,41.37264171416667,34.77612173791667,6.6889126682281494,7.493952229022979,7.382931802272797,7.290419952869415,13,0,0.467268628273062,0.8841153935046098,0.8262387743159949,0.563320058063622,0.9937122098932426,0.11196447610330791,0.9308737486442042,-0.3653410243663951
2025-02-17 14:00:00,41.37264171416667,34.77612173791667,6.757176792621612,7.375582370758057,6.927398393154144,7.068462963104248,14,0,0.49999999999999994,0.8660254037844387,0.8660254037844386,0.5000000000000001,1.0,6.123233995736766e-17,0.8660254037844387,-0.4999999999999998
2025-02-17 15:00:00,41.37264171416667,34.77612173791667,7.450322828292847,6.6889126682281494,8.001842560768127,6.971034669876099,15,0,0.5320320765153366,0.8467241992282842,0.9009688679024191,0.4338837391175582,0.9937122098932426,-0.1119644761033078,0.7818314824680299,-0.6234898018587335
2025-02-17 16:00:00,41.37264171416667,34.77612173791667,7.19954978466034,6.757176792621612,7.493952229022979,7.6747561240196225,16,0,0.5633200580636221,0.8262387743159949,0.9308737486442042,0.365341024366395,0.9749279121818236,-0.22252093395631434,0.6801727377709194,-0.7330518718298263
2025-02-17 17:00:00,41.37264171416667,34.77612173791667,6.645984554290772,7.450322828292847,7.375582370758057,7.0712224078178405,17,0,0.5938201855735017,0.8045977797666682,0.9555728057861408,0.2947551744109041,0.9438833303083676,-0.330279061955167,0.5633200580636218,-0.826238774315995
2025-02-17 18:00:00,41.37264171416667,34.77612173791667,6.691717772483826,7.19954978466034,6.6889126682281494,7.15065601348877,18,0,0.6234898018587335,0.7818314824680298,0.9749279121818236,0.22252093395631445,0.9009688679024191,-0.43388373911755806,0.43388373911755823,-0.900968867902419
2025-02-17 19:00:00,41.37264171416667,34.77612173791667,6.706941046714783,6.645984554290772,6.757176792621612,7.099270315170288,19,0,0.6522874112781211,0.757971723145453,0.9888308262251285,0.14904226617617464,0.8467241992282842,-0.5320320765153365,0.2947551744109046,-0.9555728057861406
2025-02-17 20:00:00,41.37264171416667,34.77612173791667,6.985869126319885,6.691717772483826,7.450322828292847,7.732465851306915,20,0,0.6801727377709194,0.7330518718298263,0.9972037971811801,0.07473009358642439,0.7818314824680299,-0.6234898018587335,0.14904226617617472,-0.9888308262251285
2025-02-17 21:00:00,41.37264171416667,34.77612173791667,7.43470100402832,6.706941046714783,7.19954978466034,7.436885776519776,21,0,0.7071067811865476,0.7071067811865476,1.0,6.123233995736766e-17,0.7071067811865476,-0.7071067811865475,1.2246467991473532e-16,-1.0
2025-02-17 22:00:00,41.37264171416667,34.77612173791667,7.170258150100708,6.985869126319885,6.645984554290772,7.143400654792786,22,0,0.7330518718298262,0.6801727377709195,0.9972037971811801,-0.07473009358642405,0.6234898018587336,-0.7818314824680297,-0.14904226617617403,-0.9888308262251286
2025-02-17 23:00:00,41.37264171416667,34.77612173791667,6.631188340187073,7.43470100402832,6.691717772483826,6.749780039787293,23,0,0.7579717231454529,0.6522874112781212,0.9888308262251285,-0.1490422661761743,0.5320320765153367,-0.8467241992282841,-0.29475517441090393,-0.9555728057861408
2025-02-18 00:00:00,41.37264171416667,34.77612173791667,7.278471300601959,7.170258150100708,6.706941046714783,7.5853268337249755,0,1,0.0,1.0,0.0,1.0,0.0,1.0,0.0,1.0
2025-02-18 01:00:00,41.37264171416667,34.77612173791667,5.997233526706696,6.631188340187073,6.985869126319885,7.355800259113312,1,1,0.037391194276325625,0.9993007047883985,0.07473009358642425,0.9972037971811801,0.11196447610330786,0.9937122098932426,0.14904226617617444,0.9888308262251285
2025-02-18 02:00:00,41.37264171416667,34.77612173791667,6.767471771240235,7.278471300601959,7.43470100402832,7.245184164047242,2,1,0.07473009358642425,0.9972037971811801,0.14904226617617444,0.9888308262251285,0.2225209339563144,0.9749279121818236,0.2947551744109042,0.9555728057861407
2025-02-18 03:00:00,41.37264171416667,34.77612173791667,6.986678595542908,5.997233526706696,7.170258150100708,7.004914908409119,3,1,0.11196447610330786,0.9937122098932426,0.2225209339563144,0.9749279121818236,0.3302790619551671,0.9438833303083676,0.4338837391175581,0.9009688679024191
2025-02-18 04:00:00,41.37264171416667,34.77612173791667,7.461713116168976,6.767471771240235,6.631188340187073,7.037437093257904,4,1,0.14904226617617444,0.9888308262251285,0.2947551744109042,0.9555728057861407,0.4338837391175581,0.9009688679024191,0.5633200580636221,0.8262387743159949
2025-02-18 05:00:00,41.37264171416667,34.77612173791667,7.24139618396759,6.986678595542908,7.278471300601959,7.888290646076203,5,1,0.18591160716291458,0.9825664732332883,0.365341024366395,0.9308737486442042,0.5320320765153366,0.8467241992282842,0.6801727377709194,0.7330518718298263
2025-02-18 06:00:00,41.37264171416667,34.77612173791667,6.264849963188172,7.461713116168976,5.997233526706696,7.7007587003707885,6,1,0.2225209339563144,0.9749279121818236,0.4338837391175581,0.9009688679024191,0.6234898018587335,0.7818314824680298,0.7818314824680298,0.6234898018587336
2025-02-18 07:00:00,41.37264171416667,34.77612173791667,6.101402716636658,7.24139618396759,6.767471771240235,7.382931802272797,7,1,0.25881904510252074,0.9659258262890683,0.49999999999999994,0.8660254037844387,0.7071067811865476,0.7071067811865476,0.8660254037844386,0.5000000000000001
2025-02-18 08:00:00,41.37264171416667,34.77612173791667,6.504915096759796,6.264849963188172,6.986678595542908,6.927398393154144,8,1,0.2947551744109042,0.9555728057861407,0.5633200580636221,0.8262387743159949,0.7818314824680298,0.6234898018587336,0.9308737486442042,0.365341024366395
2025-02-18 09:00:00,41.37264171416667,34.77612173791667,7.1217681860923765,6.101402716636658,7.461713116168976,8.001842560768127,9,1,0.3302790619551671,0.9438833303083676,0.6234898018587335,0.7818314824680298,0.8467241992282841,0.5320320765153366,0.9749279121818236,0.22252093395631445
2025-02-18 10:00:00,41.37264171416667,34.77612173791667,7.525277168750763,6.504915096759796,7.24139618396759,7.493952229022979,10,1,0.365341024366395,0.9308737486442042,0.6801727377709194,0.7330518718298263,0.9009688679024191,0.4338837391175582,0.9972037971811801,0.07473009358642439
2025-02-18 11:00:00,41.37264171416667,34.77612173791667,7.291760268211365,7.1217681860923765,6.264849963188172,7.375582370758057,11,1,0.3998920243197409,0.9165622558699762,0.7330518718298262,0.6801727377709195,0.9438833303083676,0.33027906195516715,0.9972037971811801,-0.07473009358642405
2025-02-18 12:00:00,41.37264171416667,34.77612173791667,6.699790959358215,7.525277168750763,6.101402716636658,6.6889126682281494,12,1,0.4338837391175581,0.9009688679024191,0.7818314824680298,0.6234898018587336,0.9749279121818236,0.22252093395631445,0.9749279121818236,-0.22252093395631434
2025-02-18 13:00:00,41.37264171416667,34.77612173791667,7.158686604499817,7.291760268211365,6.504915096759796,6.757176792621612,13,1,0.467268628273062,0.8841153935046098,0.8262387743159949,0.563320058063622,0.9937122098932426,0.11196447610330791,0.9308737486442042,-0.3653410243663951
2025-02-18 14:00:00,41.37264171416667,34.77612173791667,7.213340888023376,6.699790959358215,7.1217681860923765,7.450322828292847,14,1,0.49999999999999994,0.8660254037844387,0.8660254037844386,0.5000000000000001,1.0,6.123233995736766e-17,0.8660254037844387,-0.4999999999999998
2025-02-18 15:00:00,41.37264171416667,34.77612173791667,5.973102812767029,7.158686604499817,7.525277168750763,7.19954978466034,15,1,0.5320320765153366,0.8467241992282842,0.9009688679024191,0.4338837391175582,0.9937122098932426,-0.1119644761033078,0.7818314824680299,-0.6234898018587335
2025-02-18 16:00:00,41.37264171416667,34.77612173791667,6.570020205974579,7.213340888023376,7.291760268211365,6.645984554290772,16,1,0.5633200580636221,0.8262387743159949,0.9308737486442042,0.365341024366395,0.9749279121818236,-0.22252093395631434,0.6801727377709194,-0.7330518718298263
2025-02-18 17:00:00,41.37264171416667,34.77612173791667,6.840139126777649,5.973102812767029,6.699790959358215,6.691717772483826,17,1,0.5938201855735017,0.8045977797666682,0.9555728057861408,0.2947551744109041,0.9438833303083676,-0.330279061955167,0.5633200580636218,-0.826238774315995
2025-02-18 18:00:00,41.37264171416667,34.77612173791667,7.64737714767456,6.570020205974579,7.158686604499817,6.706941046714783,18,1,0.6234898018587335,0.7818314824680298,0.9749279121818236,0.22252093395631445,0.9009688679024191,-0.43388373911755806,0.43388373911755823,-0.900968867902419
2025-02-18 19:00:00,41.37264171416667,34.77612173791667,7.6167361497879025,6.840139126777649,7.213340888023376,6.985869126319885,19,1,0.6522874112781211,0.757971723145453,0.9888308262251285,0.14904226617617464,0.8467241992282842,-0.5320320765153365,0.2947551744109046,-0.9555728057861406
2025-02-18 20:00:00,41.37264171416667,34.77612173791667,6.9340121984481815,7.64737714767456,5.973102812767029,7.43470100402832,20,1,0.6801727377709194,0.7330518718298263,0.9972037971811801,0.07473009358642439,0.7818314824680299,-0.6234898018587335,0.14904226617617472,-0.9888308262251285
2025-02-18 21:00:00,41.37264171416667,34.77612173791667,7.421974558830261,7.6167361497879025,6.570020205974579,7.170258150100708,21,1,0.7071067811865476,0.7071067811865476,1.0,6.123233995736766e-17,0.7071067811865476,-0.7071067811865475,1.2246467991473532e-16,-1.0
2025-02-18 22:00:00,41.37264171416667,34.77612173791667,7.005719084739685,6.9340121984481815,6.840139126777649,6.631188340187073,22,1,0.7330518718298262,0.6801727377709195,0.9972037971811801,-0.07473009358642405,0.6234898018587336,-0.7818314824680297,-0.14904226617617403,-0.9888308262251286
2025-02-18 23:00:00,41.37264171416667,34.77612173791667,7.312983946800232,7.421974558830261,7.64737714767456,7.278471300601959,23,1,0.7579717231454529,0.6522874112781212,0.9888308262251285,-0.1490422661761743,0.5320320765153367,-0.8467241992282841,-0.29475517441090393,-0.9555728057861408
2025-02-19 00:00:00,41.37264171416667,34.77612173791667,6.994287285804749,7.005719084739685,7.6167361497879025,5.997233526706696,0,2,0.0,1.0,0.0,1.0,0.0,1.0,0.0,1.0
2025-02-19 01:00:00,41.37264171416667,34.77612173791667,7.686303505897522,7.312983946800232,6.9340121984481815,6.767471771240235,1,2,0.037391194276325625,0.9993007047883985,0.07473009358642425,0.9972037971811801,0.11196447610330786,0.9937122098932426,0.14904226617617444,0.9888308262251285
2025-02-19 02:00:00,41.37264171416667,34.77612173791667,7.620606830120087,6.994287285804749,7.421974558830261,6.986678595542908,2,2,0.07473009358642425,0.9972037971811801,0.14904226617617444,0.9888308262251285,0.2225209339563144,0.9749279121818236,0.2947551744109042,0.9555728057861407
2025-02-19 03:00:00,41.37264171416667,34.77612173791667,6.918058619499207,7.686303505897522,7.005719084739685,7.461713116168976,3,2,0.11196447610330786,0.9937122098932426,0.2225209339563144,0.9749279121818236,0.3302790619551671,0.9438833303083676,0.4338837391175581,0.9009688679024191
2025-02-19 04:00:00,41.37264171416667,34.77612173791667,7.362287247180939,7.620606830120087,7.312983946800232,7.24139618396759,4,2,0.14904226617617444,0.9888308262251285,0.2947551744109042,0.9555728057861407,0.4338837391175581,0.9009688679024191,0.5633200580636221,0.8262387743159949
2025-02-19 05:00:00,41.37264171416667,34.77612173791667,7.684868431091308,6.918058619499207,6.994287285804749,6.264849963188172,5,2,0.18591160716291458,0.9825664732332883,0.365341024366395,0.9308737486442042,0.5320320765153366,0.8467241992282842,0.6801727377709194,0.7330518718298263
2025-02-19 06:00:00,41.37264171416667,34.77612173791667,7.592932007312775,7.362287247180939,7.686303505897522,6.101402716636658,6,2,0.2225209339563144,0.9749279121818236,0.4338837391175581,0.9009688679024191,0.6234898018587335,0.7818314824680298,0.7818314824680298,0.6234898018587336
2025-02-19 07:00:00,41.37264171416667,34.77612173791667,7.059075541496277,7.684868431091308,7.620606830120087,6.504915096759796,7,2,0.25881904510252074,0.9659258262890683,0.49999999999999994,0.8660254037844387,0.7071067811865476,0.7071067811865476,0.8660254037844386,0.5000000000000001
2025-02-19 08:00:00,41.37264171416667,34.77612173791667,7.439390139579773,7.592932007312775,6.918058619499207,7.1217681860923765,8,2,0.2947551744109042,0.9555728057861407,0.5633200580636221,0.8262387743159949,0.7818314824680298,0.6234898018587336,0.9308737486442042,0.365341024366395
2025-02-19 09:00:00,41.37264171416667,34.77612173791667,7.037767348289489,7.059075541496277,7.362287247180939,7.525277168750763,9,2,0.3302790619551671,0.9438833303083676,0.6234898018587335,0.7818314824680298,0.8467241992282841,0.5320320765153366,0.9749279121818236,0.22252093395631445
2025-02-19 10:00:00,41.37264171416667,34.77612173791667,7.431279578208923,7.439390139579773,7.684868431091308,7.291760268211365,10,2,0.365341024366395,0.9308737486442042,0.6801727377709194,0.7330518718298263,0.9009688679024191,0.4338837391175582,0.9972037971811801,0.07473009358642439
2025-02-19 11:00:00,41.37264171416667,34.77612173791667,7.263447041511536,7.037767348289489,7.592932007312775,6.699790959358215,11,2,0.3998920243197409,0.9165622558699762,0.7330518718298262,0.6801727377709195,0.9438833303083676,0.33027906195516715,0.9972037971811801,-0.07473009358642405
2025-02-19 12:00:00,41.37264171416667,34.77612173791667,6.934613800048828,7.431279578208923,7.059075541496277,7.158686604499817,12,2,0.4338837391175581,0.9009688679024191,0.7818314824680298,0.6234898018587336,0.9749279121818236,0.22252093395631445,0.9749279121818236,-0.22252093395631434
2025-02-19 13:00:00,41.37264171416667,34.77612173791667,7.62118408203125,7.263447041511536,7.439390139579773,7.213340888023376,13,2,0.467268628273062,0.8841153935046098,0.8262387743159949,0.563320058063622,0.9937122098932426,0.11196447610330791,0.9308737486442042,-0.3653410243663951
2025-02-19 14:00:00,41.37264171416667,34.77612173791667,7.343216304779053,6.934613800048828,7.037767348289489,5.973102812767029,14,2,0.49999999999999994,0.8660254037844387,0.8660254037844386,0.5000000000000001,1.0,6.123233995736766e-17,0.8660254037844387,-0.4999999999999998
2025-02-19 15:00:00,41.37264171416667,34.77612173791667,6.573819453716278,7.62118408203125,7.431279578208923,6.570020205974579,15,2,0.5320320765153366,0.8467241992282842,0.9009688679024191,0.4338837391175582,0.9937122098932426,-0.1119644761033078,0.7818314824680299,-0.6234898018587335
2025-02-19 16:00:00,41.37264171416667,34.77612173791667,6.7449582576751705,7.343216304779053,7.263447041511536,6.840139126777649,16,2,0.5633200580636221,0.8262387743159949,0.9308737486442042,0.365341024366395,0.9749279121818236,-0.22252093395631434,0.6801727377709194,-0.7330518718298263
2025-02-19 17:00:00,41.37264171416667,34.77612173791667,7.311798357963562,6.573819453716278,6.934613800048828,7.64737714767456,17,2,0.5938201855735017,0.8045977797666682,0.9555728057861408,0.2947551744109041,0.9438833303083676,-0.330279061955167,0.5633200580636218,-0.826238774315995
2025-02-19 18:00:00,41.37264171416667,34.77612173791667,6.422311656475067,6.7449582576751705,7.62118408203125,7.6167361497879025,18,2,0.6234898018587335,0.7818314824680298,0.9749279121818236,0.22252093395631445,0.9009688679024191,-0.43388373911755806,0.43388373911755823,-0.900968867902419
2025-02-19 19:00:00,41.37264171416667,34.77612173791667,5.966450023651123,7.311798357963562,7.343216304779053,6.9340121984481815,19,2,0.6522874112781211,0.757971723145453,0.9888308262251285,0.14904226617617464,0.8467241992282842,-0.5320320765153365,0.2947551744109046,-0.9555728057861406
2025-02-19 20:00:00,41.37264171416667,34.77612173791667,7.236971642971039,6.422311656475067,6.573819453716278,7.421974558830261,20,2,0.6801727377709194,0.7330518718298263,0.9972037971811801,0.07473009358642439,0.7818314824680299,-0.6234898018587335,0.14904226617617472,-0.9888308262251285
2025-02-19 21:00:00,41.37264171416667,34.77612173791667,6.036739621162415,5.966450023651123,6.7449582576751705,7.005719084739685,21,2,0.7071067811865476,0.7071067811865476,1.0,6.123233995736766e-17,0.7071067811865476,-0.7071067811865475,1.2246467991473532e-16,-1.0
2025-02-19 22:00:00,41.37264171416667,34.77612173791667,7.091592667102813,7.236971642971039,7.311798357963562,7.312983946800232,22,2,0.7330518718298262,0.6801727377709195,0.9972037971811801,-0.07473009358642405,0.6234898018587336,-0.7818314824680297,-0.14904226617617403,-0.9888308262251286
2025-02-19 23:00:00,41.37264171416667,34.77612173791667,6.8923534536361695,6.036739621162415,6.422311656475067,6.994287285804749,23,2,0.7579717231454529,0.6522874112781212,0.9888308262251285,-0.1490422661761743,0.5320320765153367,-0.8467241992282841,-0.29475517441090393,-0.9555728057861408
2025-02-20 00:00:00,41.37264171416667,34.77612173791667,7.424140906333923,7.091592667102813,5.966450023651123,7.686303505897522,0,3,0.0,1.0,0.0,1.0,0.0,1.0,0.0,1.0
2025-02-20 01:00:00,41.37264171416667,34.77612173791667,6.672384886741638,6.8923534536361695,7.236971642971039,7.620606830120087,1,3,0.037391194276325625,0.9993007047883985,0.07473009358642425,0.9972037971811801,0.11196447610330786,0.9937122098932426,0.14904226617617444,0.9888308262251285
2025-02-20 02:00:00,41.37264171416667,34.77612173791667,6.979608330726624,7.424140906333923,6.036739621162415,6.918058619499207,2,3,0.07473009358642425,0.9972037971811801,0.14904226617617444,0.9888308262251285,0.2225209339563144,0.9749279121818236,0.2947551744109042,0.9555728057861407
2025-02-20 03:00:00,41.37264171416667,34.77612173791667,7.741366438865661,6.672384886741638,7.091592667102813,7.362287247180939,3,3,0.11196447610330786,0.9937122098932426,0.2225209339563144,0.9749279121818236,0.3302790619551671,0.9438833303083676,0.4338837391175581,0.9009688679024191
2025-02-20 04:00:00,41.37264171416667,34.77612173791667,7.3288920211791995,6.979608330726624,6.8923534536361695,7.684868431091308,4,3,0.14904226617617444,0.9888308262251285,0.2947551744109042,0.9555728057861407,0.4338837391175581,0.9009688679024191,0.5633200580636221,0.8262387743159949
2025-02-20 05:00:00,41.37264171416667,34.77612173791667,6.4568971204757695,7.741366438865661,7.424140906333923,7.592932007312775,5,3,0.18591160716291458,0.9825664732332883,0.365341024366395,0.9308737486442042,0.5320320765153366,0.8467241992282842,0.6801727377709194,0.7330518718298263
2025-02-20 06:00:00,41.37264171416667,34.77612173791667,6.389619481563568,7.3288920211791995,6.672384886741638,7.059075541496277,6,3,0.2225209339563144,0.9749279121818236,0.4338837391175581,0.9009688679024191,0.6234898018587335,0.7818314824680298,0.7818314824680298,0.6234898018587336
2025-02-20 07:00:00,41.37264171416667,34.77612173791667,6.416770153045654,6.4568971204757695,6.979608330726624,7.439390139579773,7,3,0.25881904510252074,0.9659258262890683,0.49999999999999994,0.8660254037844387,0.7071067811865476,0.7071067811865476,0.8660254037844386,0.5000000000000001
2025-02-20 08:00:00,41.37264171416667,34.77612173791667,6.21751352071762,6.389619481563568,7.741366438865661,7.037767348289489,8,3,0.2947551744109042,0.9555728057861407,0.5633200580636221,0.8262387743159949,0.7818314824680298,0.6234898018587336,0.9308737486442042,0.365341024366395
2025-02-20 09:00:00,41.37264171416667,34.77612173791667,6.310180883407593,6.416770153045654,7.3288920211791995,7.431279578208923,9,3,0.3302790619551671,0.9438833303083676,0.6234898018587335,0.7818314824680298,0.8467241992282841,0.5320320765153366,0.9749279121818236,0.22252093395631445
2025-02-20 10:00:00,41.37264171416667,34.77612173791667,6.075023312568664,6.21751352071762,6.4568971204757695,7.263447041511536,10,3,0.365341024366395,0.9308737486442042,0.6801727377709194,0.7330518718298263,0.9009688679024191,0.4338837391175582,0.9972037971811801,0.07473009358642439
2025-02-20 11:00:00,41.37264171416667,34.77612173791667,6.6634565401077275,6.310180883407593,6.389619481563568,6.934613800048828,11,3,0.3998920243197409,0.9165622558699762,0.7330518718298262,0.6801727377709195,0.9438833303083676,0.33027906195516715,0.9972037971811801,-0.07473009358642405
2025-02-20 12:00:00,41.37264171416667,34.77612173791667,7.016847233772278,6.075023312568664,6.416770153045654,7.62118408203125,12,3,0.4338837391175581,0.9009688679024191,0.7818314824680298,0.6234898018587336,0.9749279121818236,0.22252093395631445,0.9749279121818236,-0.22252093395631434
2025-02-20 13:00:00,41.37264171416667,34.77612173791667,7.018017435073853,6.6634565401077275,6.21751352071762,7.343216304779053,13,3,0.467268628273062,0.8841153935046098,0.8262387743159949,0.563320058063622,0.9937122098932426,0.11196447610330791,0.9308737486442042,-0.3653410243663951
2025-02-20 14:00:00,41.37264171416667,34.77612173791667,6.930870654582978,7.016847233772278,6.310180883407593,6.573819453716278,14,3,0.49999999999999994,0.8660254037844387,0.8660254037844386,0.5000000000000001,1.0,6.123233995736766e-17,0.8660254037844387,-0.4999999999999998
2025-02-20 15:00:00,41.37264171416667,34.77612173791667,8.0795960855484,7.018017435073853,6.075023312568664,6.7449582576751705,15,3,0.5320320765153366,0.8467241992282842,0.9009688679024191,0.4338837391175582,0.9937122098932426,-0.1119644761033078,0.7818314824680299,-0.6234898018587335
2025-02-20 16:00:00,41.37264171416667,34.77612173791667,7.773468627929687,6.930870654582978,6.6634565401077275,7.311798357963562,16,3,0.5633200580636221,0.8262387743159949,0.9308737486442042,0.365341024366395,0.9749279121818236,-0.22252093395631434,0.6801727377709194,-0.7330518718298263
2025-02-20 17:00:00,41.37264171416667,34.77612173791667,7.290609946250916,8.0795960855484,7.016847233772278,6.422311656475067,17,3,0.5938201855735017,0.8045977797666682,0.9555728057861408,0.2947551744109041,0.9438833303083676,-0.330279061955167,0.5633200580636218,-0.826238774315995
2025-02-20 18:00:00,41.37264171416667,34.77612173791667,7.095865559577942,7.773468627929687,7.018017435073853,5.966450023651123,18,3,0.6234898018587335,0.7818314824680298,0.9749279121818236,0.22252093395631445,0.9009688679024191,-0.43388373911755806,0.43388373911755823,-0.900968867902419
2025-02-20 19:00:00,41.37264171416667,34.77612173791667,7.633376355171204,7.290609946250916,6.930870654582978,7.236971642971039,19,3,0.6522874112781211,0.757971723145453,0.9888308262251285,0.14904226617617464,0.8467241992282842,-0.5320320765153365,0.2947551744109046,-0.9555728057861406
2025-02-20 20:00:00,41.37264171416667,34.77612173791667,7.258752846717835,7.095865559577942,8.0795960855484,6.036739621162415,20,3,0.6801727377709194,0.7330518718298263,0.9972037971811801,0.07473009358642439,0.7818314824680299,-0.6234898018587335,0.14904226617617472,-0.9888308262251285
2025-02-20 21:00:00,41.37264171416667,34.77612173791667,6.687758135795593,7.633376355171204,7.773468627929687,7.091592667102813,21,3,0.7071067811865476,0.7071067811865476,1.0,6.123233995736766e-17,0.7071067811865476,-0.7071067811865475,1.2246467991473532e-16,-1.0
2025-02-20 22:00:00,41.37264171416667,34.77612173791667,6.848390893936157,7.258752846717835,7.290609946250916,6.8923534536361695,22,3,0.7330518718298262,0.6801727377709195,0.9972037971811801,-0.07473009358642405,0.6234898018587336,-0.7818314824680297,-0.14904226617617403,-0.9888308262251286
2025-02-20 23:00:00,41.37264171416667,34.77612173791667,7.835219349861145,6.687758135795593,7.095865559577942,7.424140906333923,23,3,0.7579717231454529,0.6522874112781212,0.9888308262251285,-0.1490422661761743,0.5320320765153367,-0.8467241992282841,-0.29475517441090393,-0.9555728057861408
2025-02-21 00:00:00,41.37264171416667,34.77612173791667,7.780964708328247,6.848390893936157,7.633376355171204,6.672384886741638,0,4,0.0,1.0,0.0,1.0,0.0,1.0,0.0,1.0
2025-02-21 01:00:00,41.37264171416667,34.77612173791667,8.096396346092224,7.835219349861145,7.258752846717835,6.979608330726624,1,4,0.037391194276325625,0.9993007047883985,0.07473009358642425,0.9972037971811801,0.11196447610330786,0.9937122098932426,0.14904226617617444,0.9888308262251285
2025-02-21 02:00:00,41.37264171416667,34.77612173791667,7.887575967311859,7.780964708328247,6.687758135795593,7.741366438865661,2,4,0.07473009358642425,0.9972037971811801,0.14904226617617444,0.9888308262251285,0.2225209339563144,0.9749279121818236,0.2947551744109042,0.9555728057861407
2025-02-21 03:00:00,41.37264171416667,34.77612173791667,7.510433778762818,8.096396346092224,6.848390893936157,7.3288920211791995,3,4,0.11196447610330786,0.9937122098932426,0.2225209339563144,0.9749279121818236,0.3302790619551671,0.9438833303083676,0.4338837391175581,0.9009688679024191
2025-02-21 04:00:00,41.37264171416667,34.77612173791667,7.376500649452209,7.887575967311859,7.835219349861145,6.4568971204757695,4,4,0.14904226617617444,0.9888308262251285,0.2947551744109042,0.9555728057861407,0.4338837391175581,0.9009688679024191,0.5633200580636221,0.8262387743159949
2025-02-21 05:00:00,41.37264171416667,34.77612173791667,7.385985178947449,7.510433778762818,7.780964708328247,6.389619481563568,5,4,0.18591160716291458,0.9825664732332883,0.365341024366395,0.9308737486442042,0.5320320765153366,0.8467241992282842,0.6801727377709194,0.7330518718298263
2025-02-21 06:00:00,41.37264171416667,34.77612173791667,6.9503058385848995,7.376500649452209,8.096396346092224,6.416770153045654,6,4,0.2225209339563144,0.9749279121818236,0.4338837391175581,0.9009688679024191,0.6234898018587335,0.7818314824680298,0.7818314824680298,0.6234898018587336
2025-02-21 07:00:00,41.37264171416667,34.77612173791667,8.135070724487305,7.385985178947449,7.887575967311859,6.21751352071762,7,4,0.25881904510252074,0.9659258262890683,0.49999999999999994,0.8660254037844387,0.7071067811865476,0.7071067811865476,0.8660254037844386,0.5000000000000001
2025-02-21 08:00:00,41.37264171416667,34.77612173791667,8.56197883605957,6.9503058385848995,7.510433778762818,6.310180883407593,8,4,0.2947551744109042,0.9555728057861407,0.5633200580636221,0.8262387743159949,0.7818314824680298,0.6234898018587336,0.9308737486442042,0.365341024366395
2025-02-21 09:00:00,41.37264171416667,34.77612173791667,9.66818380355835,8.135070724487305,7.376500649452209,6.075023312568664,9,4,0.3302790619551671,0.9438833303083676,0.6234898018587335,0.7818314824680298,0.8467241992282841,0.5320320765153366,0.9749279121818236,0.22252093395631445
2025-02-21 10:00:00,41.37264171416667,34.77612173791667,10.042727394104004,8.56197883605957,7.385985178947449,6.6634565401077275,10,4,0.365341024366395,0.9308737486442042,0.6801727377709194,0.7330518718298263,0.9009688679024191,0.4338837391175582,0.9972037971811801,0.07473009358642439
2025-02-21 11:00:00,41.37264171416667,34.77612173791667,9.22758882522583,9.66818380355835,6.9503058385848995,7.016847233772278,11,4,0.3998920243197409,0.9165622558699762,0.7330518718298262,0.6801727377709195,0.9438833303083676,0.33027906195516715,0.9972037971811801,-0.07473009358642405
2025-02-21 12:00:00,41.37264171416667,34.77612173791667,8.729478721618653,10.042727394104004,8.135070724487305,7.018017435073853,12,4,0.4338837391175581,0.9009688679024191,0.7818314824680298,0.6234898018587336,0.9749279121818236,0.22252093395631445,0.9749279121818236,-0.22252093395631434
2025-02-21 13:00:00,41.37264171416667,34.77612173791667,8.319982886314392,9.22758882522583,8.56197883605957,6.930870654582978,13,4,0.467268628273062,0.8841153935046098,0.8262387743159949,0.563320058063622,0.9937122098932426,0.11196447610330791,0.9308737486442042,-0.3653410243663951
2025-02-21 14:00:00,41.37264171416667,34.77612173791667,8.547262587547301,8.729478721618653,9.66818380355835,8.0795960855484,14,4,0.49999999999999994,0.8660254037844387,0.8660254037844386,0.5000000000000001,1.0,6.123233995736766e-17,0.8660254037844387,-0.4999999999999998
2025-02-21 15:00:00,41.37264171416667,34.77612173791667,8.831545147895813,8.319982886314392,10.042727394104004,7.773468627929687,15,4,0.5320320765153366,0.8467241992282842,0.9009688679024191,0.4338837391175582,0.9937122098932426,-0.1119644761033078,0.7818314824680299,-0.6234898018587335
2025-02-21 16:00:00,41.37264171416667,34.77612173791667,8.431835277080536,8.547262587547301,9.22758882522583,7.290609946250916,16,4,0.5633200580636221,0.8262387743159949,0.9308737486442042,0.365341024366395,0.9749279121818236,-0.22252093395631434,0.6801727377709194,-0.7330518718298263
2025-02-21 17:00:00,41.37264171416667,34.77612173791667,8.600580306053162,8.831545147895813,8.729478721618653,7.095865559577942,17,4,0.5938201855735017,0.8045977797666682,0.9555728057861408,0.2947551744109041,0.9438833303083676,-0.330279061955167,0.5633200580636218,-0.826238774315995
2025-02-21 18:00:00,41.37264171416667,34.77612173791667,8.214817433357238,8.431835277080536,8.319982886314392,7.633376355171204,18,4,0.6234898018587335,0.7818314824680298,0.9749279121818236,0.22252093395631445,0.9009688679024191,-0.43388373911755806,0.43388373911755823,-0.900968867902419
2025-02-21 19:00:00,41.37264171416667,34.77612173791667,7.747296633720398,8.600580306053162,8.547262587547301,7.258752846717835,19,4,0.6522874112781211,0.757971723145453,0.9888308262251285,0.14904226617617464,0.8467241992282842,-0.5320320765153365,0.2947551744109046,-0.9555728057861406
2025-02-21 20:00:00,41.37264171416667,34.77612173791667,7.8057710313797,8.214817433357238,8.831545147895813,6.687758135795593,20,4,0.6801727377709194,0.7330518718298263,0.9972037971811801,0.07473009358642439,0.7818314824680299,-0.6234898018587335,0.14904226617617472,-0.9888308262251285
2025-02-21 21:00:00,41.37264171416667,34.77612173791667,8.500601267814636,7.747296633720398,8.431835277080536,6.848390893936157,21,4,0.7071067811865476,0.7071067811865476,1.0,6.123233995736766e-17,0.7071067811865476,-0.7071067811865475,1.2246467991473532e-16,-1.0
2025-02-21 22:00:00,41.37264171416667,34.77612173791667,8.338879742622375,7.8057710313797,8.600580306053162,7.835219349861145,22,4,0.7330518718298262,0.6801727377709195,0.9972037971811801,-0.07473009358642405,0.6234898018587336,-0.7818314824680297,-0.14904226617617403,-0.9888308262251286
2025-02-21 23:00:00,41.37264171416667,34.77612173791667,9.111696405410767,8.500601267814636,8.214817433357238,7.780964708328247,23,4,0.7579717231454529,0.6522874112781212,0.9888308262251285,-0.1490422661761743,0.5320320765153367,-0.8467241992282841,-0.29475517441090393,-0.9555728057861408
2025-02-22 00:00:00,41.37264171416667,34.77612173791667,8.810760960578918,8.338879742622375,7.747296633720398,8.096396346092224,0,5,0.0,1.0,0.0,1.0,0.0,1.0,0.0,1.0
2025-02-22 01:00:00,41.37264171416667,34.77612173791667,8.429730262756348,9.111696405410767,7.8057710313797,7.887575967311859,1,5,0.037391194276325625,0.9993007047883985,0.07473009358642425,0.9972037971811801,0.11196447610330786,0.9937122098932426,0.14904226617617444,0.9888308262251285
2025-02-22 02:00:00,41.37264171416667,34.77612173791667,8.261984496116638,8.810760960578918,8.500601267814636,7.510433778762818,2,5,0.07473009358642425,0.9972037971811801,0.14904226617617444,0.9888308262251285,0.2225209339563144,0.9749279121818236,0.2947551744109042,0.9555728057861407
2025-02-22 03:00:00,41.37264171416667,34.77612173791667,7.977859153747558,8.429730262756348,8.338879742622375,7.376500649452209,3,5,0.11196447610330786,0.9937122098932426,0.2225209339563144,0.9749279121818236,0.3302790619551671,0.9438833303083676,0.4338837391175581,0.9009688679024191
2025-02-22 04:00:00,41.37264171416667,34.77612173791667,7.419840874671936,8.261984496116638,9.111696405410767,7.385985178947449,4,5,0.14904226617617444,0.9888308262251285,0.2947551744109042,0.9555728057861407,0.4338837391175581,0.9009688679024191,0.5633200580636221,0.8262387743159949
2025-02-22 05:00:00,41.37264171416667,34.77612173791667,7.191241908073425,7.977859153747558,8.810760960578918,6.9503058385848995,5,5,0.18591160716291458,0.9825664732332883,0.365341024366395,0.9308737486442042,0.5320320765153366,0.8467241992282842,0.6801727377709194,0.7330518718298263
2025-02-22 06:00:00,41.37264171416667,34.77612173791667,6.479989743232727,7.419840874671936,8.429730262756348,8.135070724487305,6,5,0.2225209339563144,0.9749279121818236,0.4338837391175581,0.9009688679024191,0.6234898018587335,0.7818314824680298,0.7818314824680298,0.6234898018587336
2025-02-22 07:00:00,41.37264171416667,34.77612173791667,6.316409378051758,7.191241908073425,8.261984496116638,8.56197883605957,7,5,0.25881904510252074,0.9659258262890683,0.49999999999999994,0.8660254037844387,0.7071067811865476,0.7071067811865476,0.8660254037844386,0.5000000000000001
2025-02-22 08:00:00,41.37264171416667,34.77612173791667,6.007815041542053,6.479989743232727,7.977859153747558,9.66818380355835,8,5,0.2947551744109042,0.9555728057861407,0.5633200580636221,0.8262387743159949,0.7818314824680298,0.6234898018587336,0.9308737486442042,0.365341024366395
2025-02-22 09:00:00,41.37264171416667,34.77612173791667,6.71098046541214,6.316409378051758,7.419840874671936,10.042727394104004,9,5,0.3302790619551671,0.9438833303083676,0.6234898018587335,0.7818314824680298,0.8467241992282841,0.5320320765153366,0.9749279121818236,0.22252093395631445
2025-02-22 10:00:00,41.37264171416667,34.77612173791667,6.99944837808609,6.007815041542053,7.191241908073425,9.22758882522583,10,5,0.365341024366395,0.9308737486442042,0.6801727377709194,0.7330518718298263,0.9009688679024191,0.4338837391175582,0.9972037971811801,0.07473009358642439
2025-02-22 11:00:00,41.37264171416667,34.77612173791667,7.174402740001678,6.71098046541214,6.479989743232727,8.729478721618653,11,5,0.3998920243197409,0.9165622558699762,0.7330518718298262,0.6801727377709195,0.9438833303083676,0.33027906195516715,0.9972037971811801,-0.07473009358642405
2025-02-22 12:00:00,41.37264171416667,34.77612173791667,8.426154522895812,6.99944837808609,6.316409378051758,8.319982886314392,12,5,0.4338837391175581,0.9009688679024191,0.7818314824680298,0.6234898018587336,0.9749279121818236,0.22252093395631445,0.9749279121818236,-0.22252093395631434
2025-02-22 13:00:00,41.37264171416667,34.77612173791667,8.467943468093871,7.174402740001678,6.007815041542053,8.547262587547301,13,5,0.467268628273062,0.8841153935046098,0.8262387743159949,0.563320058063622,0.9937122098932426,0.11196447610330791,0.9308737486442042,-0.3653410243663951
2025-02-22 14:00:00,41.37264171416667,34.77612173791667,8.062598352432252,8.426154522895812,6.71098046541214,8.831545147895813,14,5,0.49999999999999994,0.8660254037844387,0.8660254037844386,0.5000000000000001,1.0,6.123233995736766e-17,0.8660254037844387,-0.4999999999999998
2025-02-22 15:00:00,41.37264171416667,34.77612173791667,7.435408573150635,8.467943468093871,6.99944837808609,8.431835277080536,15,5,0.5320320765153366,0.8467241992282842,0.9009688679024191,0.4338837391175582,0.9937122098932426,-0.1119644761033078,0.7818314824680299,-0.6234898018587335
2025-02-22 16:00:00,41.37264171416667,34.77612173791667,7.768641211986542,8.062598352432252,7.174402740001678,8.600580306053162,16,5,0.5633200580636221,0.8262387743159949,0.9308737486442042,0.365341024366395,0.9749279121818236,-0.22252093395631434,0.6801727377709194,-0.7330518718298263
2025-02-22 17:00:00,41.37264171416667,34.77612173791667,7.937704749107361,7.435408573150635,8.426154522895812,8.214817433357238,17,5,0.5938201855735017,0.8045977797666682,0.9555728057861408,0.2947551744109041,0.9438833303083676,-0.330279061955167,0.5633200580636218,-0.826238774315995
2025-02-22 18:00:00,41.37264171416667,34.77612173791667,7.116982438564301,7.768641211986542,8.467943468093871,7.747296633720398,18,5,0.6234898018587335,0.7818314824680298,0.9749279121818236,0.22252093395631445,0.9009688679024191,-0.43388373911755806,0.43388373911755823,-0.900968867902419
2025-02-22 19:00:00,41.37264171416667,34.77612173791667,6.951152925491333,7.937704749107361,8.062598352432252,7.8057710313797,19,5,0.6522874112781211,0.757971723145453,0.9888308262251285,0.14904226617617464,0.8467241992282842,-0.5320320765153365,0.2947551744109046,-0.9555728057861406
2025-02-22 20:00:00,41.37264171416667,34.77612173791667,7.325608720779419,7.116982438564301,7.435408573150635,8.500601267814636,20,5,0.6801727377709194,0.7330518718298263,0.9972037971811801,0.07473009358642439,0.7818314824680299,-0.6234898018587335,0.14904226617617472,-0.9888308262251285
2025-02-22 21:00:00,41.37264171416667,34.77612173791667,7.831254601478577,6.951152925491333,7.768641211986542,8.338879742622375,21,5,0.7071067811865476,0.7071067811865476,1.0,6.123233995736766e-17,0.7071067811865476,-0.7071067811865475,1.2246467991473532e-16,-1.0
2025-02-22 22:00:00,41.37264171416667,34.77612173791667,7.922368936538696,7.325608720779419,7.937704749107361,9.111696405410767,22,5,0.7330518718298262,0.6801727377709195,0.9972037971811801,-0.07473009358642405,0.6234898018587336,-0.7818314824680297,-0.14904226617617403,-0.9888308262251286
2025-02-22 23:00:00,41.37264171416667,34.77612173791667,7.382894620895386,7.831254601478577,7.116982438564301,8.810760960578918,23,5,0.7579717231454529,0.6522874112781212,0.9888308262251285,-0.1490422661761743,0.5320320765153367,-0.8467241992282841,-0.29475517441090393,-0.9555728057861408
2025-02-23 00:00:00,41.37264171416667,34.77612173791667,7.302320976257324,7.922368936538696,6.951152925491333,8.429730262756348,0,6,0.0,1.0,0.0,1.0,0.0,1.0,0.0,1.0
2025-02-23 01:00:00,41.37264171416667,34.77612173791667,7.785155634880066,7.382894620895386,7.325608720779419,8.261984496116638,1,6,0.037391194276325625,0.9993007047883985,0.07473009358642425,0.9972037971811801,0.11196447610330786,0.9937122098932426,0.14904226617617444,0.9888308262251285
2025-02-23 02:00:00,41.37264171416667,34.77612173791667,7.593684515953064,7.302320976257324,7.831254601478577,7.977859153747558,2,6,0.07473009358642425,0.9972037971811801,0.14904226617617444,0.9888308262251285,0.2225209339563144,0.9749279121818236,0.2947551744109042,0.9555728057861407
2025-02-23 03:00:00,41.37264171416667,34.77612173791667,7.550780131816864,7.785155634880066,7.922368936538696,7.419840874671936,3,6,0.11196447610330786,0.9937122098932426,0.2225209339563144,0.9749279121818236,0.3302790619551671,0.9438833303083676,0.4338837391175581,0.9009688679024191
2025-02-23 04:00:00,41.37264171416667,34.77612173791667,8.122117562294006,7.593684515953064,7.382894620895386,7.191241908073425,4,6,0.14904226617617444,0.9888308262251285,0.2947551744109042,0.9555728057861407,0.4338837391175581,0.9009688679024191,0.5633200580636221,0.8262387743159949
2025-02-23 05:00:00,41.37264171416667,34.77612173791667,8.181316826343537,7.550780131816864,7.302320976257324,6.479989743232727,5,6,0.18591160716291458,0.9825664732332883,0.365341024366395,0.9308737486442042,0.5320320765153366,0.8467241992282842,0.6801727377709194,0.7330518718298263
2025-02-23 06:00:00,41.37264171416667,34.77612173791667,8.080758714675904,8.122117562294006,7.785155634880066,6.316409378051758,6,6,0.2225209339563144,0.9749279121818236,0.4338837391175581,0.9009688679024191,0.6234898018587335,0.7818314824680298,0.7818314824680298,0.6234898018587336
2025-02-23 07:00:00,41.37264171416667,34.77612173791667,7.801264333724975,8.181316826343537,7.593684515953064,6.007815041542053,7,6,0.25881904510252074,0.9659258262890683,0.49999999999999994,0.8660254037844387,0.7071067811865476,0.7071067811865476,0.8660254037844386,0.5000000000000001
2025-02-23 08:00:00,41.37264171416667,34.77612173791667,7.384770486354828,8.080758714675904,7.550780131816864,6.71098046541214,8,6,0.2947551744109042,0.9555728057861407,0.5633200580636221,0.8262387743159949,0.7818314824680298,0.6234898018587336,0.9308737486442042,0.365341024366395
2025-02-23 09:00:00,41.37264171416667,34.77612173791667,7.05426132440567,7.801264333724975,8.122117562294006,6.99944837808609,9,6,0.3302790619551671,0.9438833303083676,0.6234898018587335,0.7818314824680298,0.8467241992282841,0.5320320765153366,0.9749279121818236,0.22252093395631445
2025-02-23 10:00:00,41.37264171416667,34.77612173791667,6.917788376808167,7.384770486354828,8.181316826343537,7.174402740001678,10,6,0.365341024366395,0.9308737486442042,0.6801727377709194,0.7330518718298263,0.9009688679024191,0.4338837391175582,0.9972037971811801,0.07473009358642439
2025-02-23 11:00:00,41.37264171416667,34.77612173791667,7.453393757343292,7.05426132440567,8.080758714675904,8.426154522895812,11,6,0.3998920243197409,0.9165622558699762,0.7330518718298262,0.6801727377709195,0.9438833303083676,0.33027906195516715,0.9972037971811801,-0.07473009358642405
2025-02-23 12:00:00,41.37264171416667,34.77612173791667,8.408727107048035,6.917788376808167,7.801264333724975,8.467943468093871,12,6,0.4338837391175581,0.9009688679024191,0.7818314824680298,0.6234898018587336,0.9749279121818236,0.22252093395631445,0.9749279121818236,-0.22252093395631434
2025-02-23 13:00:00,41.37264171416667,34.77612173791667,8.11635630607605,7.453393757343292,7.384770486354828,8.062598352432252,13,6,0.467268628273062,0.8841153935046098,0.8262387743159949,0.563320058063622,0.9937122098932426,0.11196447610330791,0.9308737486442042,-0.3653410243663951
2025-02-23 14:00:00,41.37264171416667,34.77612173791667,7.224241619110107,8.408727107048035,7.05426132440567,7.435408573150635,14,6,0.49999999999999994,0.8660254037844387,0.8660254037844386,0.5000000000000001,1.0,6.123233995736766e-17,0.8660254037844387,-0.4999999999999998
2025-02-23 15:00:00,41.37264171416667,34.77612173791667,5.9193251419067385,8.11635630607605,6.917788376808167,7.768641211986542,15,6,0.5320320765153366,0.8467241992282842,0.9009688679024191,0.4338837391175582,0.9937122098932426,-0.1119644761033078,0.7818314824680299,-0.6234898018587335
2025-02-23 16:00:00,41.37264171416667,34.77612173791667,7.108951690196991,7.224241619110107,7.453393757343292,7.937704749107361,16,6,0.5633200580636221,0.8262387743159949,0.9308737486442042,0.365341024366395,0.9749279121818236,-0.22252093395631434,0.6801727377709194,-0.7330518718298263
2025-02-23 17:00:00,41.37264171416667,34.77612173791667,7.6569498968124385,5.9193251419067385,8.408727107048035,7.116982438564301,17,6,0.5938201855735017,0.8045977797666682,0.9555728057861408,0.2947551744109041,0.9438833303083676,-0.330279061955167,0.5633200580636218,-0.826238774315995
2025-02-23 18:00:00,41.37264171416667,34.77612173791667,7.723423204421997,7.108951690196991,8.11635630607605,6.951152925491333,18,6,0.6234898018587335,0.7818314824680298,0.9749279121818236,0.22252093395631445,0.9009688679024191,-0.43388373911755806,0.43388373911755823,-0.900968867902419
2025-02-23 19:00:00,41.37264171416667,34.77612173791667,7.541104290485382,7.6569498968124385,7.224241619110107,7.325608720779419,19,6,0.6522874112781211,0.757971723145453,0.9888308262251285,0.14904226617617464,0.8467241992282842,-0.5320320765153365,0.2947551744109046,-0.9555728057861406
2025-02-23 20:00:00,41.37264171416667,34.77612173791667,7.659111094474793,7.723423204421997,5.9193251419067385,7.831254601478577,20,6,0.6801727377709194,0.7330518718298263,0.9972037971811801,0.07473009358642439,0.7818314824680299,-0.6234898018587335,0.14904226617617472,-0.9888308262251285
2025-02-23 21:00:00,41.37264171416667,34.77612173791667,7.711838097572326,7.541104290485382,7.108951690196991,7.922368936538696,21,6,0.7071067811865476,0.7071067811865476,1.0,6.123233995736766e-17,0.7071067811865476,-0.7071067811865475,1.2246467991473532e-16,-1.0
2025-02-23 22:00:00,41.37264171416667,34.77612173791667,7.247346019744873,7.659111094474793,7.6569498968124385,7.382894620895386,22,6,0.7330518718298262,0.6801727377709195,0.9972037971811801,-0.07473009358642405,0.6234898018587336,-0.7818314824680297,-0.14904226617617403,-0.9888308262251286
2025-02-23 23:00:00,41.37264171416667,34.77612173791667,6.332434411048889,7.711838097572326,7.723423204421997,7.302320976257324,23,6,0.7579717231454529,0.6522874112781212,0.9888308262251285,-0.1490422661761743,0.5320320765153367,-0.8467241992282841,-0.29475517441090393,-0.9555728057861408
2025-02-24 00:00:00,41.37264171416667,34.77612173791667,5.929013993740082,7.247346019744873,7.541104290485382,7.785155634880066,0,0,0.0,1.0,0.0,1.0,0.0,1.0,0.0,1.0
2025-02-24 01:00:00,41.37264171416667,34.77612173791667,7.098522083759308,6.332434411048889,7.659111094474793,7.593684515953064,1,0,0.037391194276325625,0.9993007047883985,0.07473009358642425,0.9972037971811801,0.11196447610330786,0.9937122098932426,0.14904226617617444,0.9888308262251285
2025-02-24 02:00:00,41.37264171416667,34.77612173791667,6.973893890380859,5.929013993740082,7.711838097572326,7.550780131816864,2,0,0.07473009358642425,0.9972037971811801,0.14904226617617444,0.9888308262251285,0.2225209339563144,0.9749279121818236,0.2947551744109042,0.9555728057861407
2025-02-24 03:00:00,41.37264171416667,34.77612173791667,7.080756869316101,7.098522083759308,7.247346019744873,8.122117562294006,3,0,0.11196447610330786,0.9937122098932426,0.2225209339563144,0.9749279121818236,0.3302790619551671,0.9438833303083676,0.4338837391175581,0.9009688679024191
2025-02-24 04:00:00,41.37264171416667,34.77612173791667,7.89950368642807,6.973893890380859,6.332434411048889,8.181316826343537,4,0,0.14904226617617444,0.9888308262251285,0.2947551744109042,0.9555728057861407,0.4338837391175581,0.9009688679024191,0.5633200580636221,0.8262387743159949
2025-02-24 05:00:00,41.37264171416667,34.77612173791667,7.074107897281647,7.080756869316101,5.929013993740082,8.080758714675904,5,0,0.18591160716291458,0.9825664732332883,0.365341024366395,0.9308737486442042,0.5320320765153366,0.8467241992282842,0.6801727377709194,0.7330518718298263
2025-02-24 06:00:00,41.37264171416667,34.77612173791667,7.908786671161652,7.89950368642807,7.098522083759308,7.801264333724975,6,0,0.2225209339563144,0.9749279121818236,0.4338837391175581,0.9009688679024191,0.6234898018587335,0.7818314824680298,0.7818314824680298,0.6234898018587336
2025-02-24 07:00:00,41.37264171416667,34.77612173791667,6.958793489933014,7.074107897281647,6.973893890380859,7.384770486354828,7,0,0.25881904510252074,0.9659258262890683,0.49999999999999994,0.8660254037844387,0.7071067811865476,0.7071067811865476,0.8660254037844386,0.5000000000000001
2025-02-24 08:00:00,41.37264171416667,34.77612173791667,7.303218152523041,7.908786671161652,7.080756869316101,7.05426132440567,8,0,0.2947551744109042,0.9555728057861407,0.5633200580636221,0.8262387743159949,0.7818314824680298,0.6234898018587336,0.9308737486442042,0.365341024366395
2025-02-24 09:00:00,41.37264171416667,34.77612173791667,7.012278885841369,6.958793489933014,7.89950368642807,6.917788376808167,9,0,0.3302790619551671,0.9438833303083676,0.6234898018587335,0.7818314824680298,0.8467241992282841,0.5320320765153366,0.9749279121818236,0.22252093395631445
2025-02-24 10:00:00,41.37264171416667,34.77612173791667,7.366205911636353,7.303218152523041,7.074107897281647,7.453393757343292,10,0,0.365341024366395,0.9308737486442042,0.6801727377709194,0.7330518718298263,0.9009688679024191,0.4338837391175582,0.9972037971811801,0.07473009358642439
2025-02-24 11:00:00,41.37264171416667,34.77612173791667,7.4915215563774105,7.012278885841369,7.908786671161652,8.408727107048035,11,0,0.3998920243197409,0.9165622558699762,0.7330518718298262,0.6801727377709195,0.9438833303083676,0.33027906195516715,0.9972037971811801,-0.07473009358642405
2025-02-24 12:00:00,41.37264171416667,34.77612173791667,8.49707618713379,7.366205911636353,6.958793489933014,8.11635630607605,12,0,0.4338837391175581,0.9009688679024191,0.7818314824680298,0.6234898018587336,0.9749279121818236,0.22252093395631445,0.9749279121818236,-0.22252093395631434
2025-02-24 13:00:00,41.37264171416667,34.77612173791667,8.881967425346375,7.4915215563774105,7.303218152523041,7.224241619110107,13,0,0.467268628273062,0.8841153935046098,0.8262387743159949,0.563320058063622,0.9937122098932426,0.11196447610330791,0.9308737486442042,-0.3653410243663951
2025-02-24 14:00:00,41.37264171416667,34.77612173791667,7.658960647583008,8.49707618713379,7.012278885841369,5.9193251419067385,14,0,0.49999999999999994,0.8660254037844387,0.8660254037844386,0.5000000000000001,1.0,6.123233995736766e-17,0.8660254037844387,-0.4999999999999998
2025-02-24 15:00:00,41.37264171416667,34.77612173791667,7.008526363372803,8.881967425346375,7.366205911636353,7.108951690196991,15,0,0.5320320765153366,0.8467241992282842,0.9009688679024191,0.4338837391175582,0.9937122098932426,-0.1119644761033078,0.7818314824680299,-0.6234898018587335
2025-02-24 16:00:00,41.37264171416667,34.77612173791667,6.935422027111054,7.658960647583008,7.4915215563774105,7.6569498968124385,16,0,0.5633200580636221,0.8262387743159949,0.9308737486442042,0.365341024366395,0.9749279121818236,-0.22252093395631434,0.6801727377709194,-0.7330518718298263
2025-02-24 17:00:00,41.37264171416667,34.77612173791667,7.673900036811829,7.008526363372803,8.49707618713379,7.723423204421997,17,0,0.5938201855735017,0.8045977797666682,0.9555728057861408,0.2947551744109041,0.9438833303083676,-0.330279061955167,0.5633200580636218,-0.826238774315995
2025-02-24 18:00:00,41.37264171416667,34.77612173791667,7.508641366958618,6.935422027111054,8.881967425346375,7.541104290485382,18,0,0.6234898018587335,0.7818314824680298,0.9749279121818236,0.22252093395631445,0.9009688679024191,-0.43388373911755806,0.43388373911755823,-0.900968867902419
2025-02-24 19:00:00,41.37264171416667,34.77612173791667,7.292031826972962,7.673900036811829,7.658960647583008,7.659111094474793,19,0,0.6522874112781211,0.757971723145453,0.9888308262251285,0.14904226617617464,0.8467241992282842,-0.5320320765153365,0.2947551744109046,-0.9555728057861406
2025-02-24 20:00:00,41.37264171416667,34.77612173791667,6.174133851528167,7.508641366958618,7.008526363372803,7.711838097572326,20,0,0.6801727377709194,0.7330518718298263,0.9972037971811801,0.07473009358642439,0.7818314824680299,-0.6234898018587335,0.14904226617617472,-0.9888308262251285
2025-02-24 21:00:00,41.37264171416667,34.77612173791667,5.897494792938232,7.292031826972962,6.935422027111054,7.247346019744873,21,0,0.7071067811865476,0.7071067811865476,1.0,6.123233995736766e-17,0.7071067811865476,-0.7071067811865475,1.2246467991473532e-16,-1.0
2025-02-24 22:00:00,41.37264171416667,34.77612173791667,6.954433701038361,6.174133851528167,7.673900036811829,6.332434411048889,22,0,0.7330518718298262,0.6801727377709195,0.9972037971811801,-0.07473009358642405,0.6234898018587336,-0.7818314824680297,-0.14904226617617403,-0.9888308262251286
2025-02-24 23:00:00,41.37264171416667,34.77612173791667,8.085272040367126,5.897494792938232,7.508641366958618,5.929013993740082,23,0,0.7579717231454529,0.6522874112781212,0.9888308262251285,-0.1490422661761743,0.5320320765153367,-0.8467241992282841,-0.29475517441090393,-0.9555728057861408
